;;;;;;;;"Below matrix has two sections. 
1. On the left side extraction of R0 material - numbers here represent density of specified material at given planet - useful for extraction (R0 -> P1) planets
2. On the right side extraction of two types of R0 needed for production of specific P2 - numbers here represent density of less dense out of the two R0 needed - that's useful for selecting planet for diret R0 -> P2 production";;;;;;;;;;;;;;;;;;;;;;;;;;;;;;;;;;;;;;;;;;;;;;;;;;;;;;;;;
;Constellation;System;Planet;Type;Radius [km];POCO Tax Rate [%];POCO Owner;Aqueous Liquids;Water;Autotrophs;Industrial Fibers;Base Metals;Reactive Metals;Carbon Compounds;Biofuels;Complex Organisms;Proteins;Felsic Magma;Silicon;Heavy Metals;Toxic Metals;Ionic Solutions;Electrolytes;Microorganisms;Bacteria;Noble Gas;Oxygen;Noble Metals;Precious Metals;Non-CS Crystals;Chiral Structures;Planktic Colonies;Biomass;Reactive Gas;Oxidizing Compound;Suspended Plasma;Plasmoids;;Biocells;Construction Blocks;Consumer Electronics;Coolant;Enriched Uranium;Fertilizer;Genetically Enhanced Livestock;Livestock;Mechanical Parts;Microfiber Shielding;Miniature Electronics;Nanites;Oxides;Polyramids;Polytextiles;Rocket Fuel;Silicate Glass;Superconductors;Supertensil Plastics;Synthetic Oil;Test Cultures;Transmitter;Viral Agent;Water-Cooled CPU;;;
;;;;;;;;;;;;;;;;;;;;;;;;;;;;;;;;;;;;;;;;;;;;;;;;;;;;;;;;;;;;;;;;;
;;;;;;;max -> ;120;;87;;84;;113;;74;;78;;106;;62;;104;;81;;72;;82;;69;;41;;79;;;56;47;75;57;49;71;64;71;56;0;73;68;41;0;87;51;0;76;43;62;79;57;69;83;max P2;;
;MINOTAUR;57-KJB;1;Barren;2 570;3;INIT;36;;;;53;;69;;;;;;;;;;65;;;;32;;;;;;;;;;;32;;;;;;;;32;;;53;;;;;;;;;36;;;36;53;;
;MINOTAUR;57-KJB;2;Gas;18 950;3;INIT;47;;;;60;;;;;;;;;;54;;;;64;;;;;;;;33;;;;;;;;47;;;;;;;;;33;;;;;;;54;;;;47;54;;
;MINOTAUR;57-KJB;3;Lava;11 860;3;INIT;;;;;38;;;;;;47;;66;;;;;;;;;;68;;;;;;49;;;;38;66;;;;;;;;47;;;;;;;;;;;49;;;66;;
;MINOTAUR;57-KJB;4;Barren;11 370;3;INIT;32;;;;58;;75;;;;;;;;;;63;;;;43;;;;;;;;;;;43;;;;;;;;43;;;58;;;;;;;;;32;;;32;58;;
;MINOTAUR;57-KJB;5;Gas;16 400;3;INIT;52;;;;58;;;;;;;;;;52;;;;64;;;;;;;;27;;;;;;;;52;;;;;;;;;27;;;;;;;52;;;;52;52;;
;MINOTAUR;57-KJB;6;Gas;18 080;3;INIT;48;;;;59;;;;;;;;;;57;;;;64;;;;;;;;22;;;;;;;;48;;;;;;;;;22;;;;;;;57;;;;48;57;;
;MINOTAUR;57-KJB;7;Oceanic;4 580;3;INIT;103;;;;;;49;;65;;;;;;;;65;;;;;;;;57;;;;;;;;;;;;65;57;49;;;;;;;;;;;;;65;;57;;65;;
;MINOTAUR;V6-NY1;1;Barren;2 940;1;INIT;33;;;;64;;81;;;;;;;;;;59;;;;42;;;;;;;;;;;42;;;;;;;;42;;;59;;;;;;;;;33;;;33;59;;
;MINOTAUR;V6-NY1;2;Storm;4 550;3;INIT;66;;;;68;;;;;;;;;;40;;;;55;;;;;;;;;;62;;;;;;40;;;;;;;;;;;;40;;62;;40;;;;66;66;;
;MINOTAUR;V6-NY1;3;Barren;6 460;1;INIT;36;;;;61;;83;;;;;;;;;;59;;;;45;;;;;;;;;;;45;;;;;;;;45;;;59;;;;;;;;;36;;;36;59;;
;MINOTAUR;V6-NY1;4;Temperate;5 110;1;INIT;56;;69;;;;93;;38;;;;;;;;60;;;;;;;;;;;;;;;;;;;;38;;38;;;;;;;69;;;;;;56;;;;69;;
;MINOTAUR;V6-NY1;5;Gas;12 890;3;INIT;52;;;;60;;;;;;;;;;56;;;;65;;;;;;;;20;;;;;;;;52;;;;;;;;;20;;;;;;;56;;;;52;56;;
;MINOTAUR;V6-NY1;6;Temperate;4 600;1;INIT;4;;66;;;;86;;65;;;;;;;;97;;;;;;;;;;;;;;;;;;;;65;;65;;;;;;;66;;;;;;4;;;;66;;
;MINOTAUR;V6-NY1;7;Temperate;9 600;1;INIT;92;;65;;;;86;;20;;;;;;;;30;;;;;;;;;;;;;;;;;;;;20;;20;;;;;;;65;;;;;;30;;;;65;;
;MINOTAUR;V6-NY1;8;Gas;18 170;3;INIT;51;;;;62;;;;;;;;;;57;;;;67;;;;;;;;28;;;;;;;;51;;;;;;;;;28;;;;;;;57;;;;51;57;;
;MINOTAUR;V6-NY1;9;Gas;13 550;3;INIT;53;;;;59;;;;;;;;;;56;;;;65;;;;;;;;34;;;;;;;;53;;;;;;;;;34;;;;;;;56;;;;53;56;;
;MINOTAUR;V6-NY1;10;Ice;8 190;3;INIT;96;;;;;;;;;;;;92;;;;42;;37;;;;;;53;;;;;;;;;;;;;;;;;;;;;;;;;37;;42;;42;;42;;
;MINOTAUR;OL3-78;1;Barren;3 640;3;INIT;33;;;;58;;78;;;;;;;;;;60;;;;44;;;;;;;;;;;44;;;;;;;;44;;;58;;;;;;;;;33;;;33;58;;
;MINOTAUR;OL3-78;2;Barren;10 090;3;INIT;31;;;;59;;77;;;;;;;;;;62;;;;41;;;;;;;;;;;41;;;;;;;;41;;;59;;;;;;;;;31;;;31;59;;
;MINOTAUR;OL3-78;3;Barren;4 850;3;INIT;35;;;;53;;66;;;;;;;;;;65;;;;31;;;;;;;;;;;31;;;;;;;;31;;;53;;;;;;;;;35;;;35;53;;
;MINOTAUR;OL3-78;4;Gas;17 890;3;INIT;49;;;;57;;;;;;;;;;53;;;;61;;;;;;;;22;;;;;;;;49;;;;;;;;;22;;;;;;;53;;;;49;53;;
;MINOTAUR;OL3-78;5;Oceanic;3 440;3;INIT;101;;;;;;50;;63;;;;;;;;65;;;;;;;;56;;;;;;;;;;;;63;56;50;;;;;;;;;;;;;65;;56;;65;;
;MINOTAUR;OL3-78;6;Gas;38 670;3;INIT;49;;;;57;;;;;;;;;;55;;;;64;;;;;;;;18;;;;;;;;49;;;;;;;;;18;;;;;;;55;;;;49;55;;
;MINOTAUR;OL3-78;7;Temperate;9 790;3;INIT;80;;63;;;;73;;25;;;;;;;;38;;;;;;;;;;;;;;;;;;;;25;;25;;;;;;;63;;;;;;38;;;;63;;
;MINOTAUR;OL3-78;8;Storm;7 240;3;INIT;71;;;;73;;;;;;;;;;48;;;;51;;;;;;;;;;62;;;;;;48;;;;;;;;;;;;48;;62;;48;;;;71;71;;
;MINOTAUR;9DQW-W;1;Lava;1 890;3;INIT;;;;;44;;;;;;35;;72;;;;;;;;;;69;;;;;;50;;;;44;69;;;;;;;;35;;;;;;;;;;;50;;;69;;
;MINOTAUR;9DQW-W;2;Barren;2 110;3;INIT;34;;;;69;;93;;;;;;;;;;62;;;;47;;;;;;;;;;;47;;;;;;;;47;;;62;;;;;;;;;34;;;34;62;;
;MINOTAUR;9DQW-W;3;Storm;5 250;3;INIT;76;;;;72;;;;;;;;;;43;;;;58;;;;;;;;;;64;;;;;;43;;;;;;;;;;;;43;;64;;43;;;;72;72;;
;MINOTAUR;9DQW-W;4;Barren;3 390;3;INIT;37;;;;60;;83;;;;;;;;;;66;;;;41;;;;;;;;;;;41;;;;;;;;41;;;60;;;;;;;;;37;;;37;60;;
;MINOTAUR;9DQW-W;5;Plasma;3 040;3;INIT;;;;;33;;;;;;;;40;;;;;;;;64;;50;;;;;;34;;;;33;40;;40;;;;33;;;;;;;;;;;;;34;;;40;;
;MINOTAUR;9DQW-W;6;Barren;11 380;3;INIT;40;;;;63;;89;;;;;;;;;;68;;;;44;;;;;;;;;;;44;;;;;;;;44;;;63;;;;;;;;;40;;;40;63;;
;MINOTAUR;9DQW-W;7;Gas;14 260;3;INIT;55;;;;61;;;;;;;;;;60;;;;73;;;;;;;;34;;;;;;;;55;;;;;;;;;34;;;;;;;60;;;;55;60;;
;MINOTAUR;9DQW-W;8;Gas;16 410;3;INIT;56;;;;61;;;;;;;;;;59;;;;68;;;;;;;;33;;;;;;;;56;;;;;;;;;33;;;;;;;59;;;;56;59;;
;MINOTAUR;9DQW-W;9;Gas;13 050;3;INIT;53;;;;62;;;;;;;;;;60;;;;71;;;;;;;;22;;;;;;;;53;;;;;;;;;22;;;;;;;60;;;;53;60;;
;MINOTAUR;PXF-RF;1;Plasma;3 790;3;INIT;;;;;37;;;;;;;;45;;;;;;;;66;;51;;;;;;39;;;;37;45;;45;;;;37;;;;;;;;;;;;;39;;;45;;
;MINOTAUR;PXF-RF;2;Temperate;9 170;3;INIT;61;;74;;;;98;;39;;;;;;;;61;;;;;;;;;;;;;;;;;;;;39;;39;;;;;;;74;;;;;;61;;;;74;;
;MINOTAUR;PXF-RF;3;Gas;105 480;3;INIT;53;;;;66;;;;;;;;;;60;;;;72;;;;;;;;35;;;;;;;;53;;;;;;;;;35;;;;;;;60;;;;53;60;;
;MINOTAUR;PXF-RF;4;Gas;92 500;3;INIT;53;;;;64;;;;;;;;;;58;;;;72;;;;;;;;39;;;;;;;;53;;;;;;;;;39;;;;;;;58;;;;53;58;;
;MINOTAUR;PXF-RF;5;Ice;26 380;3;INIT;104;;;;;;;;;;;;101;;;;41;;41;;;;;;58;;;;;;;;;;;;;;;;;;;;;;;;;41;;41;;41;;41;;
;MINOTAUR;PXF-RF;6;Ice;8 580;3;INIT;106;;;;;;;;;;;;101;;;;40;;38;;;;;;54;;;;;;;;;;;;;;;;;;;;;;;;;38;;40;;40;;40;;
;MINOTAUR;PXF-RF;7;Barren;3 500;3;INIT;36;;;;68;;84;;;;;;;;;;62;;;;46;;;;;;;;;;;46;;;;;;;;46;;;62;;;;;;;;;36;;;36;62;;
;MINOTAUR;R-BGSU;1;Barren;5 200;3;INIT;30;;;;52;;65;;;;;;;;;;57;;;;36;;;;;;;;;;;36;;;;;;;;36;;;52;;;;;;;;;30;;;30;52;;
;MINOTAUR;R-BGSU;2;Lava;10 050;3;INIT;;;;;37;;;;;;6;;62;;;;;;;;;;69;;;;;;49;;;;37;62;;;;;;;;6;;;;;;;;;;;49;;;62;;
;MINOTAUR;R-BGSU;3;Gas;35 010;3;INIT;46;;;;54;;;;;;;;;;51;;;;57;;;;;;;;30;;;;;;;;46;;;;;;;;;30;;;;;;;51;;;;46;51;;
;MINOTAUR;R-BGSU;4;Barren;3 940;3;INIT;31;;;;53;;67;;;;;;;;;;55;;;;36;;;;;;;;;;;36;;;;;;;;36;;;53;;;;;;;;;31;;;31;53;;
;MINOTAUR;R-BGSU;5;Temperate;6 070;3;INIT;50;;85;;;;89;;1;;;;;;;;2;;;;;;;;;;;;;;;;;;;;1;;1;;;;;;;85;;;;;;2;;;;85;;
;MINOTAUR;R-BGSU;6;Gas;56 610;3;INIT;45;;;;55;;;;;;;;;;52;;;;60;;;;;;;;19;;;;;;;;45;;;;;;;;;19;;;;;;;52;;;;45;52;;
;MINOTAUR;R-BGSU;7;Gas;39 230;3;INIT;47;;;;51;;;;;;;;;;52;;;;59;;;;;;;;23;;;;;;;;47;;;;;;;;;23;;;;;;;52;;;;47;52;;
;MINOTAUR;R-BGSU;8;Ice;27 900;3;INIT;89;;;;;;;;;;;;87;;;;38;;36;;;;;;48;;;;;;;;;;;;;;;;;;;;;;;;;36;;38;;38;;38;;
;MINOTAUR;R-BGSU;9;Ice;9 500;3;INIT;87;;;;;;;;;;;;85;;;;42;;34;;;;;;49;;;;;;;;;;;;;;;;;;;;;;;;;34;;42;;42;;42;;
;HYDRA;I-CUVX;1;Barren;2 300;3;INIT;31;;;;49;;65;;;;;;;;;;56;;;;41;;;;;;;;;;;41;;;;;;;;41;;;49;;;;;;;;;31;;;31;49;;
;HYDRA;I-CUVX;2;Barren;3 540;3;INIT;32;;;;53;;76;;;;;;;;;;53;;;;42;;;;;;;;;;;42;;;;;;;;42;;;53;;;;;;;;;32;;;32;53;;
;HYDRA;I-CUVX;3;Barren;3 180;3;INIT;28;;;;59;;71;;;;;;;;;;58;;;;41;;;;;;;;;;;41;;;;;;;;41;;;58;;;;;;;;;28;;;28;58;;
;HYDRA;I-CUVX;4;Barren;3 190;3;INIT;31;;;;53;;63;;;;;;;;;;59;;;;37;;;;;;;;;;;37;;;;;;;;37;;;53;;;;;;;;;31;;;31;53;;
;HYDRA;I-CUVX;5;Oceanic;5 890;3;INIT;102;;;;;;64;;59;;;;;;;;62;;;;;;;;57;;;;;;;;;;;;59;57;59;;;;;;;;;;;;;62;;57;;62;;
;HYDRA;I-CUVX;6;Gas;25 660;3;INIT;46;;;;51;;;;;;;;;;50;;;;56;;;;;;;;29;;;;;;;;46;;;;;;;;;29;;;;;;;50;;;;46;50;;
;HYDRA;I-CUVX;7;Gas;23 470;3;INIT;45;;;;54;;;;;;;;;;53;;;;56;;;;;;;;15;;;;;;;;45;;;;;;;;;15;;;;;;;53;;;;45;53;;
;HYDRA;I-CUVX;8;Gas;45 560;3;INIT;48;;;;54;;;;;;;;;;52;;;;56;;;;;;;;26;;;;;;;;48;;;;;;;;;26;;;;;;;52;;;;48;52;;
;HYDRA;J-RQMF;1;Barren;2 410;3;INIT;29;;;;57;;70;;;;;;;;;;59;;;;37;;;;;;;;;;;37;;;;;;;;37;;;57;;;;;;;;;29;;;29;57;;
;HYDRA;J-RQMF;2;Barren;2 250;3;INIT;29;;;;54;;68;;;;;;;;;;57;;;;36;;;;;;;;;;;36;;;;;;;;36;;;54;;;;;;;;;29;;;29;54;;
;HYDRA;J-RQMF;3;Gas;16 500;3;INIT;45;;;;51;;;;;;;;;;49;;;;56;;;;;;;;32;;;;;;;;45;;;;;;;;;32;;;;;;;49;;;;45;49;;
;HYDRA;J-RQMF;4;Gas;24 620;3;INIT;48;;;;53;;;;;;;;;;52;;;;60;;;;;;;;31;;;;;;;;48;;;;;;;;;31;;;;;;;52;;;;48;52;;
;HYDRA;J-RQMF;5;Gas;15 730;3;INIT;46;;;;52;;;;;;;;;;49;;;;56;;;;;;;;34;;;;;;;;46;;;;;;;;;34;;;;;;;49;;;;46;49;;
;HYDRA;J-RQMF;6;Storm;12 640;3;INIT;50;;;;54;;;;;;;;;;43;;;;65;;;;;;;;;;50;;;;;;43;;;;;;;;;;;;43;;50;;43;;;;50;50;;
;HYDRA;J-RQMF;7;Gas;14 880;3;INIT;47;;;;55;;;;;;;;;;51;;;;62;;;;;;;;32;;;;;;;;47;;;;;;;;;32;;;;;;;51;;;;47;51;;
;HYDRA;TEG-SD;1;Plasma;1 820;3;INIT;;;;;33;;;;;;;;45;;;;;;;;66;;54;;;;;;15;;;;33;45;;45;;;;33;;;;;;;;;;;;;15;;;45;;
;HYDRA;TEG-SD;2;Barren;4 160;3;INIT;36;;;;58;;72;;;;;;;;;;61;;;;39;;;;;;;;;;;39;;;;;;;;39;;;58;;;;;;;;;36;;;36;58;;
;HYDRA;TEG-SD;3;Barren;3 190;3;INIT;32;;;;59;;86;;;;;;;;;;61;;;;46;;;;;;;;;;;46;;;;;;;;46;;;59;;;;;;;;;32;;;32;59;;
;HYDRA;TEG-SD;4;Temperate;6 770;3;INIT;10;;74;;;;91;;60;;;;;;;;87;;;;;;;;;;;;;;;;;;;;60;;60;;;;;;;74;;;;;;10;;;;74;;
;HYDRA;TEG-SD;5;Barren;11 310;3;INIT;31;;;;59;;76;;;;;;;;;;63;;;;40;;;;;;;;;;;40;;;;;;;;40;;;59;;;;;;;;;31;;;31;59;;
;HYDRA;TEG-SD;6;Lava;3 950;3;INIT;;;;;35;;;;;;66;;75;;;;;;;;;;66;;;;;;41;;;;35;66;;;;;;;;66;;;;;;;;;;;41;;;66;;
;HYDRA;TEG-SD;7;Gas;17 280;3;INIT;48;;;;57;;;;;;;;;;52;;;;61;;;;;;;;18;;;;;;;;48;;;;;;;;;18;;;;;;;52;;;;48;52;;
;HYDRA;TEG-SD;8;Gas;25 280;3;INIT;47;;;;56;;;;;;;;;;53;;;;64;;;;;;;;20;;;;;;;;47;;;;;;;;;20;;;;;;;53;;;;47;53;;
;HYDRA;TEG-SD;9;Ice;30 480;3;INIT;95;;;;;;;;;;;;96;;;;48;;36;;;;;;47;;;;;;;;;;;;;;;;;;;;;;;;;36;;48;;47;;48;;
;HYDRA;14YI-D;1;Storm;5 920;3;INIT;59;;;;60;;;;;;;;;;43;;;;52;;;;;;;;;;56;;;;;;43;;;;;;;;;;;;43;;56;;43;;;;59;59;;
;HYDRA;14YI-D;2;Barren;3 060;3;INIT;28;;;;51;;76;;;;;;;;;;54;;;;45;;;;;;;;;;;45;;;;;;;;45;;;51;;;;;;;;;28;;;28;51;;
;HYDRA;14YI-D;3;Gas;13 200;3;INIT;45;;;;54;;;;;;;;;;52;;;;57;;;;;;;;33;;;;;;;;45;;;;;;;;;33;;;;;;;52;;;;45;52;;
;HYDRA;14YI-D;4;Temperate;6 610;3;INIT;41;;62;;;;81;;37;;;;;;;;59;;;;;;;;;;;;;;;;;;;;37;;37;;;;;;;62;;;;;;41;;;;62;;
;HYDRA;14YI-D;5;Gas;53 970;3;INIT;47;;;;54;;;;;;;;;;50;;;;58;;;;;;;;40;;;;;;;;47;;;;;;;;;40;;;;;;;50;;;;47;50;;
;HYDRA;14YI-D;6;Gas;116 830;3;INIT;48;;;;55;;;;;;;;;;52;;;;62;;;;;;;;31;;;;;;;;48;;;;;;;;;31;;;;;;;52;;;;48;52;;
;HYDRA;14YI-D;7;Gas;52 080;3;INIT;46;;;;52;;;;;;;;;;54;;;;57;;;;;;;;25;;;;;;;;46;;;;;;;;;25;;;;;;;54;;;;46;54;;
;HYDRA;14YI-D;8;Barren;11 510;3;INIT;31;;;;58;;79;;;;;;;;;;57;;;;25;;;;;;;;;;;25;;;;;;;;25;;;57;;;;;;;;;31;;;31;57;;
;HYDRA;14YI-D;9;Storm;6 400;3;INIT;46;;;;43;;;;;;;;;;51;;;;66;;;;;;;;;;31;;;;;;46;;;;;;;;;;;;31;;31;;51;;;;43;51;;
;HYDRA;87XQ-0;1;Barren;2 250;1;INIT;35;;;;54;;64;;;;;;;;;;61;;;;31;;;;;;;;;;;31;;;;;;;;31;;;54;;;;;;;;;35;;;35;54;;
;HYDRA;87XQ-0;2;Lava;7 820;3;INIT;;;;;36;;;;;;55;;74;;;;;;;;;;65;;;;;;43;;;;36;65;;;;;;;;55;;;;;;;;;;;43;;;65;;
;HYDRA;87XQ-0;3;Storm;5 430;3;INIT;59;;;;55;;;;;;;;;;54;;;;65;;;;;;;;;;40;;;;;;54;;;;;;;;;;;;40;;40;;54;;;;55;55;;
;HYDRA;87XQ-0;4;Temperate;5 800;1;INIT;97;;45;;;;73;;14;;;;;;;;24;;;;;;;;;;;;;;;;;;;;14;;14;;;;;;;45;;;;;;24;;;;45;;
;HYDRA;87XQ-0;5;Gas;42 790;3;INIT;52;;;;57;;;;;;;;;;56;;;;62;;;;;;;;27;;;;;;;;52;;;;;;;;;27;;;;;;;56;;;;52;56;;
;HYDRA;87XQ-0;6;Gas;45 560;3;INIT;49;;;;60;;;;;;;;;;53;;;;66;;;;;;;;27;;;;;;;;49;;;;;;;;;27;;;;;;;53;;;;49;53;;
;HYDRA;87XQ-0;7;Gas;46 600;3;INIT;48;;;;58;;;;;;;;;;54;;;;65;;;;;;;;30;;;;;;;;48;;;;;;;;;30;;;;;;;54;;;;48;54;;
;HYDRA;87XQ-0;8;Barren;2 990;1;INIT;32;;;;57;;73;;;;;;;;;;61;;;;39;;;;;;;;;;;39;;;;;;;;39;;;57;;;;;;;;;32;;;32;57;;
;HYDRA;87XQ-0;9;Ice;14 120;3;INIT;101;;;;;;;;;;;;95;;;;46;;37;;;;;;47;;;;;;;;;;;;;;;;;;;;;;;;;37;;46;;46;;46;;
;HYDRA;87XQ-0;10;Ice;6 220;3;INIT;95;;;;;;;;;;;;100;;;;38;;35;;;;;;51;;;;;;;;;;;;;;;;;;;;;;;;;35;;38;;38;;38;;
;HYDRA;87XQ-0;11;Barren;4 140;1;INIT;34;;;;59;;73;;;;;;;;;;59;;;;45;;;;;;;;;;;45;;;;;;;;45;;;59;;;;;;;;;34;;;34;59;;
;HYDRA;LJ-TZW;1;Barren;2 480;3;INIT;31;;;;56;;70;;;;;;;;;;59;;;;40;;;;;;;;;;;40;;;;;;;;40;;;56;;;;;;;;;31;;;31;56;;
;HYDRA;LJ-TZW;2;Barren;2 770;3;INIT;29;;;;61;;78;;;;;;;;;;58;;;;43;;;;;;;;;;;43;;;;;;;;43;;;58;;;;;;;;;29;;;29;58;;
;HYDRA;LJ-TZW;3;Lava;4 180;3;INIT;;;;;36;;;;;;4;;66;;;;;;;;;;70;;;;;;49;;;;36;66;;;;;;;;4;;;;;;;;;;;49;;;66;;
;HYDRA;LJ-TZW;4;Barren;4 220;3;INIT;32;;;;54;;66;;;;;;;;;;57;;;;35;;;;;;;;;;;35;;;;;;;;35;;;54;;;;;;;;;32;;;32;54;;
;HYDRA;LJ-TZW;5;Storm;5 990;3;INIT;64;;;;63;;;;;;;;;;42;;;;54;;;;;;;;;;54;;;;;;42;;;;;;;;;;;;42;;54;;42;;;;63;63;;
;HYDRA;LJ-TZW;6;Storm;6 200;3;INIT;47;;;;43;;;;;;;;;;55;;;;65;;;;;;;;;;34;;;;;;47;;;;;;;;;;;;34;;34;;55;;;;43;55;;
;HYDRA;LJ-TZW;7;Storm;6 210;3;INIT;43;;;;49;;;;;;;;;;53;;;;67;;;;;;;;;;38;;;;;;43;;;;;;;;;;;;38;;38;;53;;;;43;53;;
;HYDRA;LJ-TZW;8;Oceanic;2 890;3;INIT;107;;;;;;41;;64;;;;;;;;63;;;;;;;;60;;;;;;;;;;;;63;60;41;;;;;;;;;;;;;63;;60;;63;;
;HYDRA;LJ-TZW;9;Gas;14 260;3;INIT;48;;;;56;;;;;;;;;;54;;;;58;;;;;;;;31;;;;;;;;48;;;;;;;;;31;;;;;;;54;;;;48;54;;
;HYDRA;LJ-TZW;10;Temperate;10 140;3;INIT;65;;65;;;;73;;26;;;;;;;;42;;;;;;;;;;;;;;;;;;;;26;;26;;;;;;;65;;;;;;42;;;;65;;
;HYDRA;LJ-TZW;11;Gas;13 920;3;INIT;45;;;;53;;;;;;;;;;51;;;;57;;;;;;;;19;;;;;;;;45;;;;;;;;;19;;;;;;;51;;;;45;51;;
;HYDRA;LJ-TZW;12;Gas;35 530;3;INIT;46;;;;51;;;;;;;;;;51;;;;60;;;;;;;;22;;;;;;;;46;;;;;;;;;22;;;;;;;51;;;;46;51;;
;HYDRA;LJ-TZW;13;Gas;26 540;;INIT;45;;;;55;;;;;;;;;;52;;;;59;;;;;;;;39;;;;;;;;;;;;;;;;;;;;;;;;;;;;;55;;
;HYDRA;KVN-36;1;Lava;3 430;3;INIT;;;;;33;;;;;;;;78;;;;;;;;;;63;;;;;;41;;;;33;63;;;;;;;;;;;;;;;;;;;41;;;63;;
;HYDRA;KVN-36;2;Lava;4 830;3;INIT;;;;;41;;;;;;40;;72;;;;;;;;;;72;;;;;;49;;;;41;72;;;;;;;;40;;;;;;;;;;;49;;;72;;
;HYDRA;KVN-36;3;Temperate;4 900;3;INIT;67;;69;;;;76;;34;;;;;;;;49;;;;;;;;;;;;;;;;;;;;34;;34;;;;;;;69;;;;;;49;;;;69;;
;HYDRA;KVN-36;4;Gas;18 040;3;INIT;48;;;;58;;;;;;;;;;53;;;;62;;;;;;;;35;;;;;;;;48;;;;;;;;;35;;;;;;;53;;;;48;53;;
;HYDRA;KVN-36;5;Gas;121 360;3;INIT;50;;;;58;;;;;;;;;;55;;;;61;;;;;;;;30;;;;;;;;50;;;;;;;;;30;;;;;;;55;;;;50;55;;
;HYDRA;KVN-36;6;Gas;18 730;3;INIT;47;;;;56;;;;;;;;;;52;;;;63;;;;;;;;18;;;;;;;;47;;;;;;;;;18;;;;;;;52;;;;47;52;;
;HYDRA;KVN-36;7;Ice;8 960;3;INIT;99;;;;;;;;;;;;88;;;;38;;40;;;;;;54;;;;;;;;;;;;;;;;;;;;;;;;;40;;38;;38;;40;;
;MERMAID;XUW-3X;1;Barren;2 650;1;INIT;29;;;;60;;78;;;;;;;;;;54;;;;41;;;;;;;;;;;41;;;;;;;;41;;;54;;;;;;;;;29;;;29;54;;
;MERMAID;XUW-3X;2;Barren;6 030;1;INIT;29;;;;53;;65;;;;;;;;;;61;;;;36;;;;;;;;;;;36;;;;;;;;36;;;53;;;;;;;;;29;;;29;53;;
;MERMAID;XUW-3X;3;Temperate;5 230;1;INIT;76;;56;;;;76;;21;;;;;;;;31;;;;;;;;;;;;;;;;;;;;21;;21;;;;;;;56;;;;;;31;;;;56;;
;MERMAID;XUW-3X;4;Barren;6 910;1;INIT;30;;;;56;;72;;;;;;;;;;56;;;;40;;;;;;;;;;;40;;;;;;;;40;;;56;;;;;;;;;30;;;30;56;;
;MERMAID;XUW-3X;5;Gas;15 740;3;INIT;46;;;;52;;;;;;;;;;53;;;;60;;;;;;;;24;;;;;;;;46;;;;;;;;;24;;;;;;;53;;;;46;53;;
;MERMAID;XUW-3X;6;Gas;94 410;3;INIT;46;;;;54;;;;;;;;;;53;;;;59;;;;;;;;16;;;;;;;;46;;;;;;;;;16;;;;;;;53;;;;46;53;;
;MERMAID;XUW-3X;7;Gas;48 570;3;INIT;45;;;;52;;;;;;;;;;51;;;;57;;;;;;;;14;;;;;;;;45;;;;;;;;;14;;;;;;;51;;;;45;51;;
;MERMAID;XUW-3X;8;Lava;4 040;3;INIT;;;;;37;;;;;;19;;61;;;;;;;;;;71;;;;;;45;;;;37;61;;;;;;;;19;;;;;;;;;;;45;;;61;;
;MERMAID;XUW-3X;9;Barren;3 320;1;INIT;31;;;;53;;70;;;;;;;;;;53;;;;44;;;;;;;;;;;44;;;;;;;;44;;;53;;;;;;;;;31;;;31;53;;
;MERMAID;006-L3;1;Lava;2 110;3;INIT;;;;;42;;;;;;4;;68;;;;;;;;;;82;;;;;;52;;;;42;68;;;;;;;;4;;;;;;;;;;;52;;;68;;
;MERMAID;006-L3;2;Barren;2 560;3;INIT;31;;;;57;;73;;;;;;;;;;61;;;;45;;;;;;;;;;;45;;;;;;;;45;;;57;;;;;;;;;31;;;31;57;;
;MERMAID;006-L3;3;Temperate;7 080;3;INIT;23;;69;;;;90;;57;;;;;;;;83;;;;;;;;;;;;;;;;;;;;57;;57;;;;;;;69;;;;;;23;;;;69;;
;MERMAID;006-L3;4;Gas;16 610;3;INIT;49;;;;55;;;;;;;;;;52;;;;61;;;;;;;;27;;;;;;;;49;;;;;;;;;27;;;;;;;52;;;;49;52;;
;MERMAID;006-L3;5;Gas;37 630;3;INIT;51;;;;56;;;;;;;;;;54;;;;62;;;;;;;;36;;;;;;;;51;;;;;;;;;36;;;;;;;54;;;;51;54;;
;MERMAID;006-L3;6;Gas;15 620;3;INIT;48;;;;55;;;;;;;;;;55;;;;60;;;;;;;;23;;;;;;;;48;;;;;;;;;23;;;;;;;55;;;;48;55;;
;MERMAID;006-L3;7;Ice;18 840;3;INIT;98;;;;;;;;;;;;90;;;;42;;35;;;;;;49;;;;;;;;;;;;;;;;;;;;;;;;;35;;42;;42;;42;;
;MERMAID;PB-0C1;1;Lava;1 740;3;INIT;;;;;34;;;;;;54;;72;;;;;;;;;;70;;;;;;41;;;;34;70;;;;;;;;54;;;;;;;;;;;41;;;70;;
;MERMAID;PB-0C1;2;Barren;2 740;3;INIT;30;;;;56;;74;;;;;;;;;;58;;;;41;;;;;;;;;;;41;;;;;;;;41;;;56;;;;;;;;;30;;;30;56;;
;MERMAID;PB-0C1;3;Temperate;4 930;3;INIT;72;;63;;;;76;;28;;;;;;;;42;;;;;;;;;;;;;;;;;;;;28;;28;;;;;;;63;;;;;;42;;;;63;;
;MERMAID;PB-0C1;4;Gas;21 530;3;INIT;47;;;;55;;;;;;;;;;54;;;;63;;;;;;;;40;;;;;;;;47;;;;;;;;;40;;;;;;;54;;;;47;54;;
;MERMAID;PB-0C1;5;Gas;41 690;3;INIT;49;;;;56;;;;;;;;;;56;;;;65;;;;;;;;24;;;;;;;;49;;;;;;;;;24;;;;;;;56;;;;49;56;;
;MERMAID;PB-0C1;6;Gas;30 860;3;INIT;50;;;;55;;;;;;;;;;53;;;;66;;;;;;;;38;;;;;;;;50;;;;;;;;;38;;;;;;;53;;;;50;53;;
;MERMAID;ZUE-NS;1;Barren;2 160;3;INIT;33;;;;63;;82;;;;;;;;;;60;;;;50;;;;;;;;;;;50;;;;;;;;50;;;60;;;;;;;;;33;;;33;60;;
;MERMAID;ZUE-NS;2;Barren;1 940;3;INIT;29;;;;59;;70;;;;;;;;;;63;;;;36;;;;;;;;;;;36;;;;;;;;36;;;59;;;;;;;;;29;;;29;59;;
;MERMAID;ZUE-NS;3;Barren;2 770;3;INIT;32;;;;56;;75;;;;;;;;;;59;;;;46;;;;;;;;;;;46;;;;;;;;46;;;56;;;;;;;;;32;;;32;56;;
;MERMAID;ZUE-NS;4;Storm;6 130;3;INIT;58;;;;56;;;;;;;;;;47;;;;67;;;;;;;;;;50;;;;;;47;;;;;;;;;;;;47;;50;;47;;;;56;56;;
;MERMAID;ZUE-NS;5;Gas;15 880;3;INIT;50;;;;59;;;;;;;;;;54;;;;65;;;;;;;;34;;;;;;;;50;;;;;;;;;34;;;;;;;54;;;;50;54;;
;MERMAID;ZUE-NS;6;Gas;19 370;3;INIT;50;;;;59;;;;;;;;;;55;;;;64;;;;;;;;32;;;;;;;;50;;;;;;;;;32;;;;;;;55;;;;50;55;;
;MERMAID;ZUE-NS;7;Storm;4 520;3;;66;;;;69;;;;;;;;;;43;;;;57;;;;;;;;;;66;;;;;;43;;;;;;;;;;;;43;;66;;43;;;;66;66;;
;MERMAID;ZUE-NS;8;Oceanic;4 410;3;INIT;110;;;;;;48;;66;;;;;;;;64;;;;;;;;61;;;;;;;;;;;;64;61;48;;;;;;;;;;;;;64;;61;;64;;
;MERMAID;L7-APB;1;Plasma;2 720;3;INIT;;;;;30;;;;;;;;39;;;;;;;;69;;52;;;;;;44;;;;30;39;;39;;;;30;;;;;;;;;;;;;44;;;44;;
;MERMAID;L7-APB;2;Barren;4 550;3;INIT;30;;;;53;;73;;;;;;;;;;56;;;;39;;;;;;;;;;;39;;;;;;;;39;;;53;;;;;;;;;30;;;30;53;;
;MERMAID;L7-APB;3;Storm;6 900;3;INIT;49;;;;52;;;;;;;;;;48;;;;64;;;;;;;;;;41;;;;;;48;;;;;;;;;;;;41;;41;;48;;;;49;49;;
;MERMAID;L7-APB;4;Gas;13 450;3;INIT;45;;;;52;;;;;;;;;;51;;;;61;;;;;;;;40;;;;;;;;45;;;;;;;;;40;;;;;;;51;;;;45;51;;
;MERMAID;L7-APB;5;Gas;15 770;3;INIT;47;;;;51;;;;;;;;;;51;;;;59;;;;;;;;17;;;;;;;;47;;;;;;;;;17;;;;;;;51;;;;47;51;;
;MERMAID;L7-APB;6;Gas;44 460;3;INIT;48;;;;54;;;;;;;;;;50;;;;62;;;;;;;;27;;;;;;;;48;;;;;;;;;27;;;;;;;50;;;;48;50;;
;MERMAID;L7-APB;7;Gas;20 050;3;INIT;45;;;;55;;;;;;;;;;53;;;;56;;;;;;;;36;;;;;;;;45;;;;;;;;;36;;;;;;;53;;;;45;53;;
;MERMAID;L7-APB;8;Gas;22 380;3;INIT;47;;;;52;;;;;;;;;;54;;;;60;;;;;;;;24;;;;;;;;47;;;;;;;;;24;;;;;;;54;;;;47;54;;
;MERMAID;L7-APB;9;Storm;4 430;3;INIT;42;;;;41;;;;;;;;;;54;;;;68;;;;;;;;;;34;;;;;;42;;;;;;;;;;;;34;;34;;54;;;;41;54;;
;MERMAID;ZTS-4D;1;Barren;6 450;3;INIT;31;;;;56;;79;;;;;;;;;;62;;;;41;;;;;;;;;;;41;;;;;;;;41;;;56;;;;;;;;;31;;;31;56;;
;MERMAID;ZTS-4D;2;Barren;2 310;3;INIT;30;;;;58;;75;;;;;;;;;;60;;;;41;;;;;;;;;;;41;;;;;;;;41;;;58;;;;;;;;;30;;;30;58;;
;MERMAID;ZTS-4D;3;Barren;2 580;3;INIT;33;;;;53;;66;;;;;;;;;;60;;;;33;;;;;;;;;;;33;;;;;;;;33;;;53;;;;;;;;;33;;;33;53;;
;MERMAID;ZTS-4D;4;Barren;6 930;3;INIT;33;;;;48;;60;;;;;;;;;;63;;;;27;;;;;;;;;;;27;;;;;;;;27;;;48;;;;;;;;;33;;;33;48;;
;MERMAID;ZTS-4D;5;Gas;56 050;3;INIT;47;;;;57;;;;;;;;;;53;;;;60;;;;;;;;34;;;;;;;;47;;;;;;;;;34;;;;;;;53;;;;47;53;;
;MERMAID;ZTS-4D;6;Gas;15 910;3;INIT;47;;;;54;;;;;;;;;;56;;;;65;;;;;;;;25;;;;;;;;47;;;;;;;;;25;;;;;;;56;;;;47;56;;
;MERMAID;ZTS-4D;7;Ice;8 100;3;INIT;98;;;;;;;;;;;;97;;;;50;;34;;;;;;45;;;;;;;;;;;;;;;;;;;;;;;;;34;;50;;45;;50;;
;SATYR;00GD-D;1;Barren;3 350;3;INIT;29;;;;50;;63;;;;;;;;;;59;;;;32;;;;;;;;;;;32;;;;;;;;32;;;50;;;;;;;;;29;;;29;50;;
;SATYR;00GD-D;2;Gas;14 310;3;INIT;48;;;;51;;;;;;;;;;50;;;;57;;;;;;;;18;;;;;;;;48;;;;;;;;;18;;;;;;;50;;;;48;50;;
;SATYR;00GD-D;3;Gas;33 810;3;INIT;45;;;;55;;;;;;;;;;50;;;;60;;;;;;;;25;;;;;;;;45;;;;;;;;;25;;;;;;;50;;;;45;50;;
;SATYR;00GD-D;4;Temperate;7 680;3;INIT;86;;54;;;;74;;17;;;;;;;;24;;;;;;;;;;;;;;;;;;;;17;;17;;;;;;;54;;;;;;24;;;;54;;
;SATYR;C1XD-X;1;Barren;2 780;3;INIT;37;;;;64;;82;;;;;;;;;;62;;;;39;;;;;;;;;;;39;;;;;;;;39;;;62;;;;;;;;;37;;;37;62;;
;SATYR;C1XD-X;2;Oceanic;5 660;3;INIT;100;;;;;;50;;60;;;;;;;;67;;;;;;;;57;;;;;;;;;;;;60;57;50;;;;;;;;;;;;;67;;57;;67;;
;SATYR;C1XD-X;3;Temperate;5 060;3;INIT;90;;64;;;;80;;22;;;;;;;;30;;;;;;;;;;;;;;;;;;;;22;;22;;;;;;;64;;;;;;30;;;;64;;
;SATYR;C1XD-X;4;Gas;16 860;3;INIT;51;;;;61;;;;;;;;;;57;;;;64;;;;;;;;34;;;;;;;;51;;;;;;;;;34;;;;;;;57;;;;51;57;;
;SATYR;C1XD-X;5;Gas;25 050;3;INIT;54;;;;60;;;;;;;;;;57;;;;65;;;;;;;;35;;;;;;;;54;;;;;;;;;35;;;;;;;57;;;;54;57;;
;SATYR;C1XD-X;6;Gas;21 770;3;INIT;54;;;;59;;;;;;;;;;59;;;;67;;;;;;;;24;;;;;;;;54;;;;;;;;;24;;;;;;;59;;;;54;59;;
;SATYR;C1XD-X;7;Temperate;5 870;3;INIT;100;;61;;;;81;;19;;;;;;;;28;;;;;;;;;;;;;;;;;;;;19;;19;;;;;;;61;;;;;;28;;;;61;;
;SATYR;C1XD-X;8;Storm;6 850;3;INIT;48;;;;47;;;;;;;;;;56;;;;74;;;;;;;;;;37;;;;;;48;;;;;;;;;;;;37;;37;;56;;;;47;56;;
;SATYR;B32-14;1;Barren;3 200;1;INIT;36;;;;55;;70;;;;;;;;;;62;;;;37;;;;;;;;;;;37;;;;;;;;37;;;55;;;;;;;;;36;;;36;55;;
;SATYR;B32-14;2;Barren;2 000;1;INIT;35;;;;56;;70;;;;;;;;;;64;;;;36;;;;;;;;;;;36;;;;;;;;36;;;56;;;;;;;;;35;;;35;56;;
;SATYR;B32-14;3;Barren;4 200;1;INIT;37;;;;60;;77;;;;;;;;;;64;;;;39;;;;;;;;;;;39;;;;;;;;39;;;60;;;;;;;;;37;;;37;60;;
;SATYR;B32-14;4;Barren;2 760;1;INIT;34;;;;59;;79;;;;;;;;;;61;;;;41;;;;;;;;;;;41;;;;;;;;41;;;59;;;;;;;;;34;;;34;59;;
;SATYR;B32-14;5;Barren;3 160;1;INIT;32;;;;63;;80;;;;;;;;;;60;;;;42;;;;;;;;;;;42;;;;;;;;42;;;60;;;;;;;;;32;;;32;60;;
;SATYR;B32-14;6;Temperate;5 750;1;INIT;27;;71;;;;94;;53;;;;;;;;78;;;;;;;;;;;;;;;;;;;;53;;53;;;;;;;71;;;;;;27;;;;71;;
;SATYR;B32-14;7;Storm;4 160;3;INIT;48;;;;47;;;;;;;;;;60;;;;77;;;;;;;;;;36;;;;;;48;;;;;;;;;;;;36;;36;;60;;;;47;60;;
;SATYR;B32-14;8;Gas;40 460;3;INIT;52;;;;59;;;;;;;;;;57;;;;65;;;;;;;;23;;;;;;;;52;;;;;;;;;23;;;;;;;57;;;;52;57;;
;SATYR;B32-14;9;Gas;70 230;3;INIT;50;;;;61;;;;;;;;;;55;;;;64;;;;;;;;32;;;;;;;;50;;;;;;;;;32;;;;;;;55;;;;50;55;;
;SATYR;B32-14;10;Gas;15 020;3;INIT;50;;;;61;;;;;;;;;;56;;;;66;;;;;;;;24;;;;;;;;50;;;;;;;;;24;;;;;;;56;;;;50;56;;
;SATYR;B32-14;11;Temperate;10 390;1;INIT;76;;72;;;;82;;23;;;;;;;;34;;;;;;;;;;;;;;;;;;;;23;;23;;;;;;;72;;;;;;34;;;;72;;
;SATYR;B32-14;12;Ice;15 580;3;INIT;101;;;;;;;;;;;;95;;;;52;;31;;;;;;48;;;;;;;;;;;;;;;;;;;;;;;;;31;;52;;48;;52;;
;SATYR;C-N4OD;1;Barren;1 720;3;INIT;34;;;;62;;76;;;;;;;;;;63;;;;43;;;;;;;;;;;43;;;;;;;;43;;;62;;;;;;;;;34;;;34;62;;
;SATYR;C-N4OD;2;Lava;2 080;3;INIT;;;;;36;;;;;;43;;76;;;;;;;;;;69;;;;;;46;;;;36;69;;;;;;;;43;;;;;;;;;;;46;;;69;;
;SATYR;C-N4OD;3;Barren;3 320;3;INIT;34;;;;67;;85;;;;;;;;;;62;;;;44;;;;;;;;;;;44;;;;;;;;44;;;62;;;;;;;;;34;;;34;62;;
;SATYR;C-N4OD;4;Gas;19 830;3;INIT;52;;;;62;;;;;;;;;;56;;;;62;;;;;;;;31;;;;;;;;52;;;;;;;;;31;;;;;;;56;;;;52;56;;
;SATYR;C-N4OD;5;Storm;14 150;3;INIT;72;;;;77;;;;;;;;;;43;;;;57;;;;;;;;;;71;;;;;;43;;;;;;;;;;;;43;;71;;43;;;;72;72;;
;SATYR;C-N4OD;6;Gas;31 360;3;INIT;52;;;;63;;;;;;;;;;57;;;;67;;;;;;;;36;;;;;;;;52;;;;;;;;;36;;;;;;;57;;;;52;57;;
;SATYR;C-N4OD;7;Temperate;10 350;3;INIT;17;;65;;;;95;;55;;;;;;;;77;;;;;;;;;;;;;;;;;;;;55;;55;;;;;;;65;;;;;;17;;;;65;;
;SATYR;C-N4OD;8;Gas;31 590;3;INIT;51;;;;63;;;;;;;;;;58;;;;66;;;;;;;;32;;;;;;;;51;;;;;;;;;32;;;;;;;58;;;;51;58;;
;SATYR;C-N4OD;9;Storm;10 400;3;INIT;75;;;;79;;;;;;;;;;40;;;;53;;;;;;;;;;72;;;;;;40;;;;;;;;;;;;40;;72;;40;;;;75;75;;
;SATYR;C-N4OD;10;Oceanic;6 260;3;INIT;100;;;;;;55;;62;;;;;;;;69;;;;;;;;58;;;;;;;;;;;;62;58;55;;;;;;;;;;;;;69;;58;;69;;
;SATYR;CHA2-Q;1;Lava;2 060;3;INIT;;;;;31;;;;;;35;;61;;;;;;;;;;49;;;;;;38;;;;31;49;;;;;;;;35;;;;;;;;;;;38;;;49;;
;SATYR;CHA2-Q;2;Lava;3 380;3;INIT;;;;;38;;;;;;35;;60;;;;;;;;;;50;;;;;;42;;;;38;50;;;;;;;;35;;;;;;;;;;;42;;;50;;
;SATYR;CHA2-Q;3;Storm;5 060;3;INIT;59;;;;64;;;;;;;;;;41;;;;65;;;;;;;;;;53;;;;;;41;;;;;;;;;;;;41;;53;;41;;;;59;59;;
;SATYR;CHA2-Q;4;Storm;5 940;3;INIT;63;;;;65;;;;;;;;;;38;;;;56;;;;;;;;;;64;;;;;;38;;;;;;;;;;;;38;;63;;38;;;;63;63;;
;SATYR;CHA2-Q;5;Oceanic;5 110;3;INIT;90;;;;;;50;;52;;;;;;;;62;;;;;;;;54;;;;;;;;;;;;52;52;50;;;;;;;;;;;;;62;;54;;62;;
;SATYR;CHA2-Q;6;Lava;5 550;3;INIT;;;;;38;;;;;;31;;61;;;;;;;;;;50;;;;;;42;;;;38;50;;;;;;;;31;;;;;;;;;;;42;;;50;;
;SATYR;CHA2-Q;7;Storm;11 590;3;INIT;66;;;;68;;;;;;;;;;43;;;;60;;;;;;;;;;61;;;;;;43;;;;;;;;;;;;43;;61;;43;;;;66;66;;
;SATYR;CHA2-Q;8;Lava;2 030;3;INIT;;;;;40;;;;;;38;;63;;;;;;;;;;50;;;;;;40;;;;40;50;;;;;;;;38;;;;;;;;;;;40;;;50;;
;SATYR;CHA2-Q;9;Gas;22 760;3;INIT;56;;;;61;;;;;;;;;;54;;;;62;;;;;;;;14;;;;;;;;54;;;;;;;;;14;;;;;;;54;;;;56;56;;
;SATYR;CHA2-Q;10;Barren;5 760;3;INIT;37;;;;58;;74;;;;;;;;;;59;;;;29;;;;;;;;;;;29;;;;;;;;29;;;58;;;;;;;;;37;;;37;58;;
;SATYR;CHA2-Q;11;Barren;4 270;3;INIT;35;;;;59;;85;;;;;;;;;;56;;;;33;;;;;;;;;;;33;;;;;;;;33;;;56;;;;;;;;;35;;;35;56;;
;SATYR;CHA2-Q;12;Gas;28 460;3;INIT;54;;;;62;;;;;;;;;;56;;;;65;;;;;;;;24;;;;;;;;54;;;;;;;;;24;;;;;;;56;;;;54;56;;
;SATYR;CHA2-Q;13;Plasma;3 710;3;INIT;;;;;33;;;;;;;;34;;;;;;;;44;;46;;;;;;56;;;;33;34;;34;;;;33;;;;;;;;;;;;;46;;;46;;
;SATYR;G95F-H;1;Storm;4 280;3;INIT;69;;;;72;;;;;;;;;;46;;;;58;;;;;;;;;;60;;;;;;46;;;;;;;;;;;;46;;60;;46;;;;69;69;;
;SATYR;G95F-H;2;Barren;3 900;3;INIT;33;;;;60;;77;;;;;;;;;;61;;;;39;;;;;;;;;;;39;;;;;;;;39;;;60;;;;;;;;;33;;;33;60;;
;SATYR;G95F-H;3;Temperate;8 860;3;INIT;12;;67;;;;89;;51;;;;;;;;75;;;;;;;;;;;;;;;;;;;;51;;51;;;;;;;67;;;;;;12;;;;67;;
;SATYR;G95F-H;4;Temperate;7 110;3;INIT;5;;73;;;;92;;60;;;;;;;;93;;;;;;;;;;;;;;;;;;;;60;;60;;;;;;;73;;;;;;5;;;;73;;
;SATYR;G95F-H;5;Gas;40 530;3;INIT;53;;;;59;;;;;;;;;;60;;;;67;;;;;;;;20;;;;;;;;53;;;;;;;;;20;;;;;;;60;;;;53;60;;
;SATYR;G95F-H;6;Gas;21 920;3;INIT;51;;;;58;;;;;;;;;;59;;;;67;;;;;;;;30;;;;;;;;51;;;;;;;;;30;;;;;;;59;;;;51;59;;
;SATYR;G95F-H;7;Gas;39 800;3;INIT;54;;;;61;;;;;;;;;;57;;;;65;;;;;;;;36;;;;;;;;54;;;;;;;;;36;;;;;;;57;;;;54;57;;
;SATYR;G95F-H;8;Barren;4 340;3;INIT;33;;;;56;;74;;;;;;;;;;62;;;;37;;;;;;;;;;;37;;;;;;;;37;;;56;;;;;;;;;33;;;33;56;;
;SATYR;G95F-H;9;Ice;13 070;3;INIT;101;;;;;;;;;;;;99;;;;50;;34;;;;;;50;;;;;;;;;;;;;;;;;;;;;;;;;34;;50;;50;;50;;
;PHOENIX;YZ-LQL;1;Barren;3 280;1;INIT;30;;;;58;;75;;;;;;;;;;57;;;;39;;;;;;;;;;;39;;;;;;;;39;;;57;;;;;;;;;30;;;30;57;;
;PHOENIX;YZ-LQL;2;Barren;2 540;1;INIT;32;;;;50;;63;;;;;;;;;;62;;;;30;;;;;;;;;;;30;;;;;;;;30;;;50;;;;;;;;;32;;;32;50;;
;PHOENIX;YZ-LQL;3;Barren;6 450;1;INIT;32;;;;51;;67;;;;;;;;;;57;;;;31;;;;;;;;;;;31;;;;;;;;31;;;51;;;;;;;;;32;;;32;51;;
;PHOENIX;YZ-LQL;4;Barren;10 130;1;INIT;29;;;;57;;75;;;;;;;;;;59;;;;40;;;;;;;;;;;40;;;;;;;;40;;;57;;;;;;;;;29;;;29;57;;
;PHOENIX;YZ-LQL;5;Gas;53 320;3;INIT;44;;;;56;;;;;;;;;;52;;;;59;;;;;;;;27;;;;;;;;44;;;;;;;;;27;;;;;;;52;;;;44;52;;
;PHOENIX;YZ-LQL;6;Gas;47 920;3;INIT;47;;;;51;;;;;;;;;;53;;;;61;;;;;;;;34;;;;;;;;47;;;;;;;;;34;;;;;;;53;;;;47;53;;
;PHOENIX;YZ-LQL;7;Gas;22 520;3;INIT;47;;;;55;;;;;;;;;;52;;;;57;;;;;;;;25;;;;;;;;47;;;;;;;;;25;;;;;;;52;;;;47;52;;
;PHOENIX;YZ-LQL;8;Ice;24 680;3;INIT;92;;;;;;;;;;;;87;;;;44;;33;;;;;;44;;;;;;;;;;;;;;;;;;;;;;;;;33;;44;;44;;44;;
;PHOENIX;MN5N-X;1;Barren;3 870;3;INIT;30;;;;56;;71;;;;;;;;;;59;;;;41;;;;;;;;;;;41;;;;;;;;41;;;56;;;;;;;;;30;;;30;56;;
;PHOENIX;MN5N-X;2;Barren;1 900;3;INIT;33;;;;52;;70;;;;;;;;;;58;;;;38;;;;;;;;;;;38;;;;;;;;38;;;52;;;;;;;;;33;;;33;52;;
;PHOENIX;MN5N-X;3;Barren;5 960;3;INIT;33;;;;53;;64;;;;;;;;;;66;;;;31;;;;;;;;;;;31;;;;;;;;31;;;53;;;;;;;;;33;;;33;53;;
;PHOENIX;MN5N-X;4;Temperate;7 850;3;INIT;10;;76;;;;89;;34;;;;;;;;56;;;;;;;;;;;;;;;;;;;;34;;34;;;;;;;76;;;;;;10;;;;76;;
;PHOENIX;MN5N-X;5;Gas;14 830;3;INIT;51;;;;55;;;;;;;;;;53;;;;64;;;;;;;;26;;;;;;;;51;;;;;;;;;26;;;;;;;53;;;;51;53;;
;PHOENIX;MN5N-X;6;Gas;30 500;3;INIT;48;;;;54;;;;;;;;;;55;;;;60;;;;;;;;20;;;;;;;;48;;;;;;;;;20;;;;;;;55;;;;48;55;;
;PHOENIX;MN5N-X;7;Gas;108 760;3;INIT;50;;;;58;;;;;;;;;;52;;;;63;;;;;;;;35;;;;;;;;50;;;;;;;;;35;;;;;;;52;;;;50;52;;
;PHOENIX;MN5N-X;8;Gas;60 970;3;INIT;48;;;;58;;;;;;;;;;53;;;;61;;;;;;;;31;;;;;;;;48;;;;;;;;;31;;;;;;;53;;;;48;53;;
;PHOENIX;MN5N-X;9;Storm;5 580;3;INIT;45;;;;50;;;;;;;;;;58;;;;68;;;;;;;;;;40;;;;;;45;;;;;;;;;;;;40;;40;;58;;;;45;58;;
;PHOENIX;MN5N-X;10;Storm;6 520;3;INIT;70;;;;73;;;;;;;;;;45;;;;52;;;;;;;;;;67;;;;;;45;;;;;;;;;;;;45;;67;;45;;;;70;70;;
;PHOENIX;A-1CON;1;Barren;2 000;3;INIT;31;;;;51;;68;;;;;;;;;;55;;;;35;;;;;;;;;;;35;;;;;;;;35;;;51;;;;;;;;;31;;;31;51;;
;PHOENIX;A-1CON;2;Lava;2 040;3;INIT;;;;;38;;;;;;46;;63;;;;;;;;;;65;;;;;;46;;;;38;63;;;;;;;;46;;;;;;;;;;;46;;;63;;
;PHOENIX;A-1CON;3;Plasma;3 030;3;INIT;;;;;32;;;;;;;;43;;;;;;;;62;;53;;;;;;16;;;;32;43;;43;;;;32;;;;;;;;;;;;;16;;;43;;
;PHOENIX;A-1CON;4;Lava;1 870;3;INIT;;;;;35;;;;;;50;;64;;;;;;;;;;62;;;;;;44;;;;35;62;;;;;;;;50;;;;;;;;;;;44;;;62;;
;PHOENIX;A-1CON;5;Barren;2 680;3;INIT;31;;;;57;;72;;;;;;;;;;59;;;;41;;;;;;;;;;;41;;;;;;;;41;;;57;;;;;;;;;31;;;31;57;;
;PHOENIX;A-1CON;6;Temperate;5 100;3;INIT;10;;70;;;;93;;51;;;;;;;;78;;;;;;;;;;;;;;;;;;;;51;;51;;;;;;;70;;;;;;10;;;;70;;
;PHOENIX;A-1CON;7;Barren;6 290;3;INIT;30;;;;57;;74;;;;;;;;;;52;;;;46;;;;;;;;;;;46;;;;;;;;46;;;52;;;;;;;;;30;;;30;52;;
;PHOENIX;A-1CON;8;Barren;2 460;3;INIT;30;;;;50;;68;;;;;;;;;;56;;;;36;;;;;;;;;;;36;;;;;;;;36;;;50;;;;;;;;;30;;;30;50;;
;PHOENIX;A-1CON;9;Gas;15 160;3;INIT;45;;;;53;;;;;;;;;;54;;;;58;;;;;;;;39;;;;;;;;45;;;;;;;;;39;;;;;;;54;;;;45;54;;
;PHOENIX;A-1CON;10;Gas;23 580;3;INIT;48;;;;56;;;;;;;;;;52;;;;61;;;;;;;;31;;;;;;;;48;;;;;;;;;31;;;;;;;52;;;;48;52;;
;PHOENIX;A-1CON;11;Temperate;7 500;3;INIT;19;;67;;;;85;;50;;;;;;;;73;;;;;;;;;;;;;;;;;;;;50;;50;;;;;;;67;;;;;;19;;;;67;;
;PHOENIX;75FA-Z;1;Barren;2 440;3;INIT;30;;;;51;;60;;;;;;;;;;62;;;;30;;;;;;;;;;;30;;;;;;;;30;;;51;;;;;;;;;30;;;30;51;;
;PHOENIX;75FA-Z;2;Barren;4 060;3;INIT;29;;;;54;;72;;;;;;;;;;58;;;;39;;;;;;;;;;;39;;;;;;;;39;;;54;;;;;;;;;29;;;29;54;;
;PHOENIX;75FA-Z;3;Storm;9 390;3;INIT;75;;;;80;;;;;;;;;;33;;;;40;;;;;;;;;;79;;;;;;33;;;;;;;;;;;;33;;75;;33;;;;75;75;;
;PHOENIX;75FA-Z;4;Temperate;6 120;3;INIT;0;;70;;;;93;;63;;;;;;;;94;;;;;;;;;;;;;;;;;;;;63;;63;;;;;;;70;;;;;;0;;;;70;;
;PHOENIX;75FA-Z;5;Oceanic;11 740;3;INIT;93;;;;;;51;;55;;;;;;;;69;;;;;;;;60;;;;;;;;;;;;55;55;51;;;;;;;;;;;;;69;;60;;69;;
;PHOENIX;75FA-Z;6;Gas;50 570;3;INIT;48;;;;53;;;;;;;;;;53;;;;59;;;;;;;;38;;;;;;;;48;;;;;;;;;38;;;;;;;53;;;;48;53;;
;PHOENIX;75FA-Z;7;Gas;50 820;3;INIT;46;;;;54;;;;;;;;;;50;;;;61;;;;;;;;29;;;;;;;;46;;;;;;;;;29;;;;;;;50;;;;46;50;;
;PHOENIX;75FA-Z;8;Ice;13 250;3;INIT;92;;;;;;;;;;;;90;;;;42;;35;;;;;;44;;;;;;;;;;;;;;;;;;;;;;;;;35;;42;;42;;42;;
;PHOENIX;WY-9LL;1;Barren;2 590;3;INIT;31;;;;53;;63;;;;;;;;;;60;;;;31;;;;;;;;;;;31;;;;;;;;31;;;53;;;;;;;;;31;;;31;53;;
;PHOENIX;WY-9LL;2;Barren;2 370;3;INIT;32;;;;53;;70;;;;;;;;;;55;;;;41;;;;;;;;;;;41;;;;;;;;41;;;53;;;;;;;;;32;;;32;53;;
;PHOENIX;WY-9LL;3;Barren;3 110;3;INIT;29;;;;56;;73;;;;;;;;;;52;;;;43;;;;;;;;;;;43;;;;;;;;43;;;52;;;;;;;;;29;;;29;52;;
;PHOENIX;WY-9LL;4;Barren;4 150;3;INIT;31;;;;58;;77;;;;;;;;;;56;;;;40;;;;;;;;;;;40;;;;;;;;40;;;56;;;;;;;;;31;;;31;56;;
;PHOENIX;WY-9LL;5;Lava;6 930;3;INIT;;;;;25;;;;;;38;;76;;;;;;;;;;62;;;;;;29;;;;25;62;;;;;;;;38;;;;;;;;;;;29;;;62;;
;PHOENIX;WY-9LL;6;Gas;14 620;3;INIT;48;;;;51;;;;;;;;;;50;;;;60;;;;;;;;27;;;;;;;;48;;;;;;;;;27;;;;;;;50;;;;48;50;;
;PHOENIX;WY-9LL;7;Gas;27 190;3;INIT;46;;;;52;;;;;;;;;;51;;;;57;;;;;;;;24;;;;;;;;46;;;;;;;;;24;;;;;;;51;;;;46;51;;
;PHOENIX;WY-9LL;8;Gas;30 340;3;INIT;47;;;;51;;;;;;;;;;51;;;;57;;;;;;;;36;;;;;;;;47;;;;;;;;;36;;;;;;;51;;;;47;51;;
;PHOENIX;WY-9LL;9;Gas;25 700;3;INIT;45;;;;51;;;;;;;;;;50;;;;57;;;;;;;;22;;;;;;;;45;;;;;;;;;22;;;;;;;50;;;;45;50;;
;PHOENIX;D-Q04X;1;Lava;1 770;3;INIT;;;;;36;;;;;;18;;71;;;;;;;;;;70;;;;;;44;;;;36;70;;;;;;;;18;;;;;;;;;;;44;;;70;;
;PHOENIX;D-Q04X;2;Barren;2 600;3;INIT;37;;;;61;;69;;;;;;;;;;65;;;;37;;;;;;;;;;;37;;;;;;;;37;;;61;;;;;;;;;37;;;37;61;;
;PHOENIX;D-Q04X;3;Barren;2 910;3;INIT;34;;;;59;;78;;;;;;;;;;68;;;;36;;;;;;;;;;;36;;;;;;;;36;;;59;;;;;;;;;34;;;34;59;;
;PHOENIX;D-Q04X;4;Plasma;5 250;3;INIT;;;;;34;;;;;;;;49;;;;;;;;61;;57;;;;;;58;;;;34;49;;49;;;;34;;;;;;;;;;;;;57;;;57;;
;PHOENIX;D-Q04X;5;Lava;5 510;3;INIT;;;;;40;;;;;;67;;73;;;;;;;;;;70;;;;;;50;;;;40;70;;;;;;;;67;;;;;;;;;;;50;;;70;;
;PHOENIX;D-Q04X;6;Barren;6 840;3;INIT;34;;;;63;;83;;;;;;;;;;64;;;;50;;;;;;;;;;;50;;;;;;;;50;;;63;;;;;;;;;34;;;34;63;;
;PHOENIX;D-Q04X;7;Barren;12 290;3;INIT;33;;;;62;;80;;;;;;;;;;65;;;;42;;;;;;;;;;;42;;;;;;;;42;;;62;;;;;;;;;33;;;33;62;;
;PHOENIX;D-Q04X;8;Gas;25 970;3;INIT;53;;;;60;;;;;;;;;;59;;;;67;;;;;;;;24;;;;;;;;53;;;;;;;;;24;;;;;;;59;;;;53;59;;
;PHOENIX;D-Q04X;9;Gas;13 970;3;INIT;53;;;;58;;;;;;;;;;59;;;;67;;;;;;;;31;;;;;;;;53;;;;;;;;;31;;;;;;;59;;;;53;59;;
;PHOENIX;D-Q04X;10;Gas;18 100;3;INIT;54;;;;62;;;;;;;;;;57;;;;64;;;;;;;;36;;;;;;;;54;;;;;;;;;36;;;;;;;57;;;;54;57;;
;PHOENIX;Serpentis Prime;1;Lava;3 610;3;INIT;;;;;32;;;;;;23;;72;;;;;;;;;;66;;;;;;38;;;;32;66;;;;;;;;23;;;;;;;;;;;38;;;66;;
;PHOENIX;Serpentis Prime;2;Lava;2 150;3;INIT;;;;;29;;;;;;19;;71;;;;;;;;;;61;;;;;;34;;;;29;61;;;;;;;;19;;;;;;;;;;;34;;;61;;
;PHOENIX;Serpentis Prime;3;Lava;2 580;3;INIT;;;;;31;;;;;;29;;68;;;;;;;;;;67;;;;;;38;;;;31;67;;;;;;;;29;;;;;;;;;;;38;;;67;;
;PHOENIX;Serpentis Prime;4;Storm;2 590;3;INIT;46;;;;44;;;;;;;;;;52;;;;70;;;;;;;;;;32;;;;;;46;;;;;;;;;;;;32;;32;;52;;;;44;52;;
;PHOENIX;Serpentis Prime;5;Storm;7 800;3;INIT;40;;;;41;;;;;;;;;;55;;;;72;;;;;;;;;;32;;;;;;40;;;;;;;;;;;;32;;32;;55;;;;40;55;;
;PHOENIX;Serpentis Prime;6;Temperate;4 050;3;INIT;46;;57;;;;71;;38;;;;;;;;58;;;;;;;;;;;;;;;;;;;;38;;38;;;;;;;57;;;;;;46;;;;57;;
;PHOENIX;Serpentis Prime;7;Temperate;7 480;3;INIT;106;;42;;;;64;;8;;;;;;;;13;;;;;;;;;;;;;;;;;;;;8;;8;;;;;;;42;;;;;;13;;;;42;;
;PHOENIX;Serpentis Prime;8;Barren;7 190;3;INIT;31;;;;51;;65;;;;;;;;;;57;;;;33;;;;;;;;;;;33;;;;;;;;33;;;51;;;;;;;;;31;;;31;51;;
;SKAVEN;1-5GBW;1;Barren;5 490;3;INIT;38;;;;61;;76;;;;;;;;;;64;;;;38;;;;;;;;;;;38;;;;;;;;38;;;61;;;;;;;;;38;;;38;61;;
;SKAVEN;1-5GBW;2;Storm;7 180;3;INIT;82;;;;84;;;;;;;;;;34;;;;41;;;;;;;;;;76;;;;;;34;;;;;;;;;;;;34;;76;;34;;;;82;82;;
;SKAVEN;1-5GBW;3;Gas;26 380;3;INIT;53;;;;61;;;;;;;;;;56;;;;69;;;;;;;;28;;;;;;;;53;;;;;;;;;28;;;;;;;56;;;;53;56;;
;SKAVEN;1-5GBW;4;Gas;47 610;3;INIT;51;;;;62;;;;;;;;;;55;;;;66;;;;;;;;34;;;;;;;;51;;;;;;;;;34;;;;;;;55;;;;51;55;;
;SKAVEN;1-5GBW;5;Barren;3 110;3;INIT;35;;;;61;;73;;;;;;;;;;65;;;;37;;;;;;;;;;;37;;;;;;;;37;;;61;;;;;;;;;35;;;35;61;;
;SKAVEN;1-5GBW;6;Barren;3 400;3;INIT;34;;;;62;;82;;;;;;;;;;64;;;;47;;;;;;;;;;;47;;;;;;;;47;;;62;;;;;;;;;34;;;34;62;;
;SKAVEN;1-5GBW;7;Gas;55 430;3;INIT;50;;;;60;;;;;;;;;;55;;;;65;;;;;;;;20;;;;;;;;50;;;;;;;;;20;;;;;;;55;;;;50;55;;
;SKAVEN;1-5GBW;8;Barren;3 510;3;INIT;34;;;;58;;71;;;;;;;;;;69;;;;35;;;;;;;;;;;35;;;;;;;;35;;;58;;;;;;;;;34;;;34;58;;
;SKAVEN;ATQ-QS;1;Barren;2 120;3;INIT;34;;;;66;;87;;;;;;;;;;59;;;;50;;;;;;;;;;;50;;;;;;;;50;;;59;;;;;;;;;34;;;34;59;;
;SKAVEN;ATQ-QS;2;Barren;2 780;3;INIT;35;;;;65;;84;;;;;;;;;;63;;;;49;;;;;;;;;;;49;;;;;;;;49;;;63;;;;;;;;;35;;;35;63;;
;SKAVEN;ATQ-QS;3;Lava;2 130;3;INIT;;;;;41;;;;;;13;;74;;;;;;;;;;72;;;;;;49;;;;41;72;;;;;;;;13;;;;;;;;;;;49;;;72;;
;SKAVEN;ATQ-QS;4;Oceanic;3 500;3;INIT;70;;;;;;82;;19;;;;;;;;104;;;;;;;;60;;;;;;;;;;;;19;19;19;;;;;;;;;;;;;70;;60;;70;;
;SKAVEN;ATQ-QS;5;Oceanic;2 670;3;INIT;106;;;;;;52;;59;;;;;;;;79;;;;;;;;60;;;;;;;;;;;;59;59;52;;;;;;;;;;;;;79;;60;;79;;
;SKAVEN;ATQ-QS;6;Barren;2 690;3;INIT;33;;;;62;;84;;;;;;;;;;60;;;;44;;;;;;;;;;;44;;;;;;;;44;;;60;;;;;;;;;33;;;33;60;;
;SKAVEN;ATQ-QS;7;Storm;7 010;3;INIT;83;;;;83;;;;;;;;;;38;;;;45;;;;;;;;;;71;;;;;;38;;;;;;;;;;;;38;;71;;38;;;;83;83;;
;SKAVEN;ATQ-QS;8;Barren;5 140;3;INIT;31;;;;66;;87;;;;;;;;;;62;;;;46;;;;;;;;;;;46;;;;;;;;46;;;62;;;;;;;;;31;;;31;62;;
;SKAVEN;ATQ-QS;9;Oceanic;7 590;3;INIT;112;;;;;;52;;59;;;;;;;;76;;;;;;;;62;;;;;;;;;;;;59;59;52;;;;;;;;;;;;;76;;62;;76;;
;SKAVEN;ATQ-QS;10;Gas;11 710;3;INIT;52;;;;60;;;;;;;;;;56;;;;64;;;;;;;;24;;;;;;;;52;;;;;;;;;24;;;;;;;56;;;;52;56;;
;SKAVEN;C-FER9;1;Barren;3 030;3;INIT;33;;;;63;;88;;;;;;;;;;63;;;;43;;;;;;;;;;;43;;;;;;;;43;;;63;;;;;;;;;33;;;33;63;;
;SKAVEN;C-FER9;2;Storm;5 270;3;INIT;54;;;;57;;;;;;;;;;51;;;;72;;;;;;;;;;53;;;;;;51;;;;;;;;;;;;51;;53;;51;;;;54;54;;
;SKAVEN;C-FER9;3;Temperate;4 910;3;INIT;1;;71;;;;88;;70;;;;;;;;101;;;;;;;;;;;;;;;;;;;;70;;70;;;;;;;71;;;;;;1;;;;71;;
;SKAVEN;C-FER9;4;Temperate;4 670;3;INIT;56;;70;;;;89;;39;;;;;;;;62;;;;;;;;;;;;;;;;;;;;39;;39;;;;;;;70;;;;;;56;;;;70;;
;SKAVEN;C-FER9;5;Temperate;11 860;3;INIT;71;;72;;;;91;;31;;;;;;;;49;;;;;;;;;;;;;;;;;;;;31;;31;;;;;;;72;;;;;;49;;;;72;;
;SKAVEN;C-FER9;6;Gas;28 460;3;INIT;52;;;;59;;;;;;;;;;57;;;;68;;;;;;;;22;;;;;;;;52;;;;;;;;;22;;;;;;;57;;;;52;57;;
;SKAVEN;C-FER9;7;Ice;16 610;3;INIT;100;;;;;;;;;;;;92;;;;46;;40;;;;;;48;;;;;;;;;;;;;;;;;;;;;;;;;40;;46;;46;;46;;
;SKAVEN;F-88PJ;1;Barren;3 660;3;INIT;36;;;;68;;86;;;;;;;;;;64;;;;46;;;;;;;;;;;46;;;;;;;;46;;;64;;;;;;;;;36;;;36;64;;
;SKAVEN;F-88PJ;2;Temperate;6 440;3;INIT;29;;69;;;;94;;58;;;;;;;;76;;;;;;;;;;;;;;;;;;;;58;;58;;;;;;;69;;;;;;29;;;;69;;
;SKAVEN;F-88PJ;3;Storm;3 910;3;INIT;63;;;;63;;;;;;;;;;52;;;;66;;;;;;;;;;42;;;;;;52;;;;;;;;;;;;42;;42;;52;;;;63;63;;
;SKAVEN;F-88PJ;4;Temperate;11 380;3;INIT;104;;63;;;;80;;19;;;;;;;;26;;;;;;;;;;;;;;;;;;;;19;;19;;;;;;;63;;;;;;26;;;;63;;
;SKAVEN;F-88PJ;5;Temperate;4 390;3;INIT;63;;69;;;;81;;40;;;;;;;;61;;;;;;;;;;;;;;;;;;;;40;;40;;;;;;;69;;;;;;61;;;;69;;
;SKAVEN;F-88PJ;6;Gas;22 220;3;INIT;54;;;;61;;;;;;;;;;55;;;;64;;;;;;;;35;;;;;;;;54;;;;;;;;;35;;;;;;;55;;;;54;55;;
;SKAVEN;F-88PJ;7;Gas;71 590;3;INIT;56;;;;62;;;;;;;;;;56;;;;65;;;;;;;;25;;;;;;;;56;;;;;;;;;25;;;;;;;56;;;;56;56;;
;SKAVEN;F-88PJ;8;Barren;4 780;3;INIT;39;;;;59;;73;;;;;;;;;;70;;;;32;;;;;;;;;;;32;;;;;;;;32;;;59;;;;;;;;;39;;;39;59;;
;SKAVEN;F-88PJ;9;Ice;14 600;3;INIT;103;;;;;;;;;;;;103;;;;42;;37;;;;;;53;;;;;;;;;;;;;;;;;;;;;;;;;37;;42;;42;;42;;
;SKAVEN;F-88PJ;10;Ice;13 270;3;INIT;104;;;;;;;;;;;;103;;;;42;;36;;;;;;54;;;;;;;;;;;;;;;;;;;;;;;;;36;;42;;42;;42;;
;SKAVEN;F2-2C3;1;Barren;2 710;1;INIT;33;;;;59;;81;;;;;;;;;;63;;;;40;;;;;;;;;;;40;;;;;;;;40;;;59;;;;;;;;;33;;;33;59;;
;SKAVEN;F2-2C3;2;Lava;4 220;3;INIT;;;;;37;;;;;;13;;70;;;;;;;;;;58;;;;;;46;;;;37;58;;;;;;;;13;;;;;;;;;;;46;;;58;;
;SKAVEN;F2-2C3;3;Temperate;5 870;1;INIT;54;;68;;;;91;;42;;;;;;;;63;;;;;;;;;;;;;;;;;;;;42;;42;;;;;;;68;;;;;;54;;;;68;;
;SKAVEN;F2-2C3;4;Barren;5 820;1;INIT;32;;;;57;;85;;;;;;;;;;65;;;;41;;;;;;;;;;;41;;;;;;;;41;;;57;;;;;;;;;32;;;32;57;;
;SKAVEN;F2-2C3;5;Barren;9 360;1;INIT;32;;;;61;;86;;;;;;;;;;60;;;;39;;;;;;;;;;;39;;;;;;;;39;;;60;;;;;;;;;32;;;32;60;;
;SKAVEN;F2-2C3;6;Lava;8 010;3;INIT;;;;;36;;;;;;16;;69;;;;;;;;;;68;;;;;;44;;;;36;68;;;;;;;;16;;;;;;;;;;;44;;;68;;
;SKAVEN;F2-2C3;7;Temperate;8 360;1;INIT;107;;45;;;;74;;17;;;;;;;;25;;;;;;;;;;;;;;;;;;;;17;;17;;;;;;;45;;;;;;25;;;;45;;
;SKAVEN;F2-2C3;8;Temperate;4 840;1;INIT;30;;64;;;;89;;49;;;;;;;;85;;;;;;;;;;;;;;;;;;;;49;;49;;;;;;;64;;;;;;30;;;;64;;
;SKAVEN;O-PNSN;1;Barren;2 850;3;INIT;34;;;;56;;72;;;;;;;;;;63;;;;37;;;;;;;;;;;37;;;;;;;;37;;;56;;;;;;;;;34;;;34;56;;
;SKAVEN;O-PNSN;2;Storm;3 990;3;INIT;44;;;;48;;;;;;;;;;57;;;;74;;;;;;;;;;35;;;;;;44;;;;;;;;;;;;35;;35;;57;;;;44;57;;
;SKAVEN;O-PNSN;3;Gas;19 750;3;INIT;51;;;;58;;;;;;;;;;57;;;;66;;;;;;;;32;;;;;;;;51;;;;;;;;;32;;;;;;;57;;;;51;57;;
;SKAVEN;O-PNSN;4;Gas;35 770;3;INIT;53;;;;57;;;;;;;;;;55;;;;63;;;;;;;;35;;;;;;;;53;;;;;;;;;35;;;;;;;55;;;;53;55;;
;SKAVEN;O-PNSN;5;Temperate;4 670;3;INIT;101;;52;;;;74;;14;;;;;;;;22;;;;;;;;;;;;;;;;;;;;14;;14;;;;;;;52;;;;;;22;;;;52;;
;SKAVEN;O-PNSN;6;Ice;6 670;3;INIT;100;;;;;;;;;;;;83;;;;43;;40;;;;;;51;;;;;;;;;;;;;;;;;;;;;;;;;40;;43;;43;;43;;
;BASILISK;WMH-SO;1;Lava;3 050;3;INIT;;;;;36;;;;;;78;;84;;;;;;;;;;73;;;;;;43;;;;36;73;;;;;;;;73;;;;;;;;;;;43;;;73;;
;BASILISK;WMH-SO;2;Lava;2 720;3;INIT;;;;;36;;;;;;7;;75;;;;;;;;;;70;;;;;;49;;;;36;70;;;;;;;;7;;;;;;;;;;;49;;;70;;
;BASILISK;WMH-SO;3;Temperate;4 830;1;INIT;84;;65;;;;80;;26;;;;;;;;41;;;;;;;;;;;;;;;;;;;;26;;26;;;;;;;65;;;;;;41;;;;65;;
;BASILISK;WMH-SO;4;Barren;3 670;1;INIT;34;;;;58;;80;;;;;;;;;;65;;;;39;;;;;;;;;;;39;;;;;;;;39;;;58;;;;;;;;;34;;;34;58;;
;BASILISK;WMH-SO;5;Temperate;6 310;1;INIT;94;;64;;;;78;;20;;;;;;;;30;;;;;;;;;;;;;;;;;;;;20;;20;;;;;;;64;;;;;;30;;;;64;;
;BASILISK;WMH-SO;6;Gas;19 590;3;INIT;50;;;;59;;;;;;;;;;61;;;;63;;;;;;;;41;;;;;;;;50;;;;;;;;;41;;;;;;;61;;;;50;61;;
;BASILISK;WMH-SO;7;Barren;12 590;1;INIT;33;;;;61;;85;;;;;;;;;;64;;;;52;;;;;;;;;;;52;;;;;;;;52;;;61;;;;;;;;;33;;;33;61;;
;BASILISK;WMH-SO;8;Temperate;11 070;1;INIT;93;;62;;;;83;;23;;;;;;;;33;;;;;;;;;;;;;;;;;;;;23;;23;;;;;;;62;;;;;;33;;;;62;;
;BASILISK;WMH-SO;9;Temperate;6 700;1;INIT;47;;76;;;;93;;46;;;;;;;;64;;;;;;;;;;;;;;;;;;;;46;;46;;;;;;;76;;;;;;47;;;;76;;
;BASILISK;LBGI-2;1;Barren;1 610;3;INIT;35;;;;73;;91;;;;;;;;;;66;;;;56;;;;;;;;;;;56;;;;;;;;56;;;66;;;;;;;;;35;;;35;66;;
;BASILISK;LBGI-2;2;Barren;2 190;3;INIT;37;;;;59;;72;;;;;;;;;;73;;;;33;;;;;;;;;;;33;;;;;;;;33;;;59;;;;;;;;;37;;;37;59;;
;BASILISK;LBGI-2;3;Lava;5 110;3;INIT;;;;;39;;;;;;46;;79;;;;;;;;;;74;;;;;;48;;;;39;74;;;;;;;;46;;;;;;;;;;;48;;;74;;
;BASILISK;LBGI-2;4;Barren;2 070;3;INIT;38;;;;58;;73;;;;;;;;;;73;;;;35;;;;;;;;;;;35;;;;;;;;35;;;58;;;;;;;;;38;;;38;58;;
;BASILISK;LBGI-2;5;Lava;5 170;3;INIT;;;;;35;;;;;;31;;85;;;;;;;;;;72;;;;;;42;;;;35;72;;;;;;;;31;;;;;;;;;;;42;;;72;;
;BASILISK;LBGI-2;6;Barren;4 030;3;INIT;38;;;;68;;88;;;;;;;;;;68;;;;47;;;;;;;;;;;47;;;;;;;;47;;;68;;;;;;;;;38;;;38;68;;
;BASILISK;LBGI-2;7;Barren;7 010;3;INIT;36;;;;69;;92;;;;;;;;;;68;;;;51;;;;;;;;;;;51;;;;;;;;51;;;68;;;;;;;;;36;;;36;68;;
;BASILISK;LBGI-2;8;Gas;50 500;3;INIT;54;;;;63;;;;;;;;;;62;;;;71;;;;;;;;23;;;;;;;;54;;;;;;;;;23;;;;;;;62;;;;54;62;;
;BASILISK;LBGI-2;9;Gas;14 830;3;INIT;52;;;;61;;;;;;;;;;60;;;;72;;;;;;;;21;;;;;;;;52;;;;;;;;;21;;;;;;;60;;;;52;60;;
;BASILISK;LBGI-2;10;Storm;11 530;3;INIT;50;;;;51;;;;;;;;;;60;;;;81;;;;;;;;;;35;;;;;;50;;;;;;;;;;;;35;;35;;60;;;;50;60;;
;BASILISK;LBGI-2;11;Gas;13 190;3;INIT;53;;;;65;;;;;;;;;;58;;;;71;;;;;;;;20;;;;;;;;53;;;;;;;;;20;;;;;;;58;;;;53;58;;
;BASILISK;G1CA-Y;1;Lava;2 200;3;INIT;;;;;34;;;;;;30;;75;;;;;;;;;;68;;;;;;41;;;;34;68;;;;;;;;30;;;;;;;;;;;41;;;68;;
;BASILISK;G1CA-Y;2;Barren;3 300;3;INIT;34;;;;53;;68;;;;;;;;;;58;;;;36;;;;;;;;;;;36;;;;;;;;36;;;53;;;;;;;;;34;;;34;53;;
;BASILISK;G1CA-Y;3;Storm;6 480;3;INIT;68;;;;70;;;;;;;;;;48;;;;51;;;;;;;;;;69;;;;;;48;;;;;;;;;;;;48;;68;;48;;;;68;68;;
;BASILISK;G1CA-Y;4;Oceanic;2 660;3;INIT;91;;;;;;55;;57;;;;;;;;73;;;;;;;;55;;;;;;;;;;;;57;55;55;;;;;;;;;;;;;73;;55;;73;;
;BASILISK;G1CA-Y;5;Gas;28 410;3;INIT;49;;;;56;;;;;;;;;;55;;;;66;;;;;;;;32;;;;;;;;49;;;;;;;;;32;;;;;;;55;;;;49;55;;
;BASILISK;G1CA-Y;6;Gas;18 350;3;INIT;47;;;;54;;;;;;;;;;55;;;;65;;;;;;;;37;;;;;;;;47;;;;;;;;;37;;;;;;;55;;;;47;55;;
;BASILISK;G1CA-Y;7;Gas;67 790;3;INIT;51;;;;59;;;;;;;;;;55;;;;62;;;;;;;;20;;;;;;;;51;;;;;;;;;20;;;;;;;55;;;;51;55;;
;BASILISK;G1CA-Y;8;Oceanic;5 720;3;INIT;97;;;;;;50;;56;;;;;;;;74;;;;;;;;60;;;;;;;;;;;;56;56;50;;;;;;;;;;;;;74;;60;;74;;
;BASILISK;Y-2ANO;1;Barren;2 210;3;INIT;34;;;;66;;86;;;;;;;;;;66;;;;47;;;;;;;;;;;47;;;;;;;;47;;;66;;;;;;;;;34;;;34;66;;
;BASILISK;Y-2ANO;2;Plasma;2 490;3;INIT;;;;;31;;;;;;;;42;;;;;;;;72;;55;;;;;;50;;;;31;42;;42;;;;31;;;;;;;;;;;;;50;;;50;;
;BASILISK;Y-2ANO;3;Lava;3 740;3;INIT;;;;;34;;;;;;27;;82;;;;;;;;;;69;;;;;;42;;;;34;69;;;;;;;;27;;;;;;;;;;;42;;;69;;
;BASILISK;Y-2ANO;4;Gas;18 920;3;INIT;56;;;;60;;;;;;;;;;60;;;;70;;;;;;;;19;;;;;;;;56;;;;;;;;;19;;;;;;;60;;;;56;60;;
;BASILISK;Y-2ANO;5;Temperate;8 230;3;INIT;1;;80;;;;113;;71;;;;;;;;103;;;;;;;;;;;;;;;;;;;;71;;71;;;;;;;80;;;;;;1;;;;80;;
;BASILISK;Y-2ANO;6;Barren;5 850;3;INIT;38;;;;65;;83;;;;;;;;;;66;;;;46;;;;;;;;;;;46;;;;;;;;46;;;65;;;;;;;;;38;;;38;65;;
;BASILISK;Y-2ANO;7;Gas;26 430;3;INIT;56;;;;65;;;;;;;;;;59;;;;71;;;;;;;;36;;;;;;;;56;;;;;;;;;36;;;;;;;59;;;;56;59;;
;BASILISK;Y-2ANO;8;Gas;56 840;3;INIT;55;;;;63;;;;;;;;;;60;;;;72;;;;;;;;25;;;;;;;;55;;;;;;;;;25;;;;;;;60;;;;55;60;;
;BASILISK;Y-2ANO;9;Ice;27 640;3;INIT;100;;;;;;;;;;;;100;;;;44;;36;;;;;;58;;;;;;;;;;;;;;;;;;;;;;;;;36;;44;;44;;44;;
;BASILISK;Y-2ANO;10;Oceanic;3 280;3;INIT;112;;;;;;52;;66;;;;;;;;77;;;;;;;;64;;;;;;;;;;;;66;64;52;;;;;;;;;;;;;77;;64;;77;;
;BASILISK;Y-2ANO;11;Barren;4 200;3;INIT;34;;;;63;;87;;;;;;;;;;68;;;;48;;;;;;;;;;;48;;;;;;;;48;;;63;;;;;;;;;34;;;34;63;;
;BASILISK;Z-YN5Y;1;Barren;2 080;3;INIT;34;;;;57;;71;;;;;;;;;;63;;;;38;;;;;;;;;;;38;;;;;;;;38;;;57;;;;;;;;;34;;;34;57;;
;BASILISK;Z-YN5Y;2;Storm;5 680;3;INIT;75;;;;83;;;;;;;;;;35;;;;40;;;;;;;;;;78;;;;;;35;;;;;;;;;;;;35;;75;;35;;;;75;75;;
;BASILISK;Z-YN5Y;3;Temperate;7 590;3;INIT;71;;60;;;;75;;34;;;;;;;;44;;;;;;;;;;;;;;;;;;;;34;;34;;;;;;;60;;;;;;44;;;;60;;
;BASILISK;Z-YN5Y;4;Temperate;6 640;3;INIT;70;;87;;;;100;;0;;;;;;;;0;;;;;;;;;;;;;;;;;;;;0;;0;;;;;;;87;;;;;;0;;;;87;;
;BASILISK;Z-YN5Y;5;Temperate;8 970;3;INIT;16;;68;;;;86;;58;;;;;;;;86;;;;;;;;;;;;;;;;;;;;58;;58;;;;;;;68;;;;;;16;;;;68;;
;BASILISK;4HS-CR;1;Storm;4 150;3;INIT;75;;;;82;;;;;;;;;;46;;;;59;;;;;;;;;;68;;;;;;46;;;;;;;;;;;;46;;68;;46;;;;75;75;;
;BASILISK;4HS-CR;2;Barren;5 300;3;INIT;32;;;;60;;76;;;;;;;;;;65;;;;41;;;;;;;;;;;41;;;;;;;;41;;;60;;;;;;;;;32;;;32;60;;
;BASILISK;4HS-CR;3;Lava;4 590;3;INIT;;;;;39;;;;;;8;;81;;;;;;;;;;74;;;;;;42;;;;39;74;;;;;;;;8;;;;;;;;;;;42;;;74;;
;BASILISK;4HS-CR;4;Gas;33 920;3;INIT;53;;;;58;;;;;;;;;;58;;;;67;;;;;;;;38;;;;;;;;53;;;;;;;;;38;;;;;;;58;;;;53;58;;
;BASILISK;4HS-CR;5;Temperate;7 250;3;INIT;58;;72;;;;86;;39;;;;;;;;56;;;;;;;;;;;;;;;;;;;;39;;39;;;;;;;72;;;;;;56;;;;72;;
;BASILISK;4HS-CR;6;Gas;19 980;3;INIT;53;;;;57;;;;;;;;;;55;;;;63;;;;;;;;29;;;;;;;;53;;;;;;;;;29;;;;;;;55;;;;53;55;;
;BASILISK;4HS-CR;7;Gas;37 090;3;INIT;54;;;;61;;;;;;;;;;59;;;;69;;;;;;;;36;;;;;;;;54;;;;;;;;;36;;;;;;;59;;;;54;59;;
;BASILISK;4HS-CR;8;Barren;2 510;3;INIT;34;;;;61;;74;;;;;;;;;;61;;;;40;;;;;;;;;;;40;;;;;;;;40;;;61;;;;;;;;;34;;;34;61;;
;BASILISK;4HS-CR;9;Gas;25 110;3;INIT;53;;;;60;;;;;;;;;;55;;;;68;;;;;;;;37;;;;;;;;53;;;;;;;;;37;;;;;;;55;;;;53;55;;
;SPHINX;5-D82P;1;Barren;2 240;3;INIT;30;;;;57;;71;;;;;;;;;;56;;;;39;;;;;;;;;;;39;;;;;;;;39;;;56;;;;;;;;;30;;;30;56;;
;SPHINX;5-D82P;2;Barren;5 080;3;INIT;30;;;;54;;73;;;;;;;;;;58;;;;41;;;;;;;;;;;41;;;;;;;;41;;;54;;;;;;;;;30;;;30;54;;
;SPHINX;5-D82P;3;Barren;2 610;3;INIT;30;;;;56;;74;;;;;;;;;;59;;;;40;;;;;;;;;;;40;;;;;;;;40;;;56;;;;;;;;;30;;;30;56;;
;SPHINX;5-D82P;4;Storm;5 030;3;INIT;53;;;;56;;;;;;;;;;41;;;;62;;;;;;;;;;49;;;;;;41;;;;;;;;;;;;41;;49;;41;;;;53;53;;
;SPHINX;5-D82P;5;Storm;9 050;3;INIT;70;;;;70;;;;;;;;;;36;;;;43;;;;;;;;;;74;;;;;;36;;;;;;;;;;;;36;;70;;36;;;;70;70;;
;SPHINX;5-D82P;6;Gas;25 450;3;INIT;48;;;;55;;;;;;;;;;49;;;;59;;;;;;;;26;;;;;;;;48;;;;;;;;;26;;;;;;;49;;;;48;49;;
;SPHINX;5-D82P;7;Gas;15 660;3;INIT;49;;;;53;;;;;;;;;;51;;;;63;;;;;;;;20;;;;;;;;49;;;;;;;;;20;;;;;;;51;;;;49;51;;
;SPHINX;5-D82P;8;Oceanic;8 690;3;INIT;90;;;;;;47;;58;;;;;;;;70;;;;;;;;55;;;;;;;;;;;;58;55;47;;;;;;;;;;;;;70;;55;;70;;
;SPHINX;5-D82P;9;Storm;9 160;3;INIT;60;;;;58;;;;;;;;;;46;;;;58;;;;;;;;;;54;;;;;;46;;;;;;;;;;;;46;;54;;46;;;;58;58;;
;SPHINX;8ESL-G;1;Barren;1 940;3;INIT;31;;;;58;;74;;;;;;;;;;57;;;;40;;;;;;;;;;;40;;;;;;;;40;;;57;;;;;;;;;31;;;31;57;;
;SPHINX;8ESL-G;2;Barren;2 030;3;INIT;33;;;;53;;72;;;;;;;;;;56;;;;38;;;;;;;;;;;38;;;;;;;;38;;;53;;;;;;;;;33;;;33;53;;
;SPHINX;8ESL-G;3;Lava;3 010;3;INIT;;;;;29;;;;;;26;;73;;;;;;;;;;58;;;;;;31;;;;29;58;;;;;;;;26;;;;;;;;;;;31;;;58;;
;SPHINX;8ESL-G;4;Barren;4 310;3;INIT;31;;;;54;;72;;;;;;;;;;61;;;;34;;;;;;;;;;;34;;;;;;;;34;;;54;;;;;;;;;31;;;31;54;;
;SPHINX;8ESL-G;5;Barren;3 220;3;INIT;28;;;;54;;71;;;;;;;;;;59;;;;37;;;;;;;;;;;37;;;;;;;;37;;;54;;;;;;;;;28;;;28;54;;
;SPHINX;8ESL-G;6;Oceanic;7 810;3;INIT;54;;;;;;81;;14;;;;;;;;97;;;;;;;;53;;;;;;;;;;;;14;14;14;;;;;;;;;;;;;54;;53;;54;;
;SPHINX;8ESL-G;7;Gas;18 330;3;INIT;46;;;;52;;;;;;;;;;50;;;;59;;;;;;;;31;;;;;;;;46;;;;;;;;;31;;;;;;;50;;;;46;50;;
;SPHINX;8ESL-G;8;Gas;34 140;3;INIT;48;;;;55;;;;;;;;;;49;;;;60;;;;;;;;17;;;;;;;;48;;;;;;;;;17;;;;;;;49;;;;48;49;;
;SPHINX;8ESL-G;9;Barren;12 560;3;INIT;28;;;;54;;71;;;;;;;;;;57;;;;35;;;;;;;;;;;35;;;;;;;;35;;;54;;;;;;;;;28;;;28;54;;
;SPHINX;8ESL-G;10;Gas;14 190;3;INIT;49;;;;53;;;;;;;;;;53;;;;59;;;;;;;;31;;;;;;;;49;;;;;;;;;31;;;;;;;53;;;;49;53;;
;SPHINX;8ESL-G;11;Oceanic;3 060;3;INIT;64;;;;;;69;;23;;;;;;;;86;;;;;;;;60;;;;;;;;;;;;23;23;23;;;;;;;;;;;;;64;;60;;64;;
;SPHINX;JGOW-Y;1;Barren;2 660;1;INIT;32;;;;54;;72;;;;;;;;;;59;;;;40;;;;;;;;;;;40;;;;;;;;40;;;54;;;;;;;;;32;;;32;54;;
;SPHINX;JGOW-Y;2;Temperate;4 750;1;INIT;87;;55;;;;75;;19;;;;;;;;30;;;;;;;;;;;;;;;;;;;;19;;19;;;;;;;55;;;;;;30;;;;55;;
;SPHINX;JGOW-Y;3;Temperate;5 630;1;INIT;82;;56;;;;71;;18;;;;;;;;29;;;;;;;;;;;;;;;;;;;;18;;18;;;;;;;56;;;;;;29;;;;56;;
;SPHINX;JGOW-Y;4;Temperate;5 540;1;INIT;32;;67;;;;89;;41;;;;;;;;65;;;;;;;;;;;;;;;;;;;;41;;41;;;;;;;67;;;;;;32;;;;67;;
;SPHINX;JGOW-Y;5;Temperate;8 470;1;INIT;1;;63;;;;79;;62;;;;;;;;92;;;;;;;;;;;;;;;;;;;;62;;62;;;;;;;63;;;;;;1;;;;63;;
;SPHINX;JGOW-Y;6;Gas;14 880;3;INIT;49;;;;53;;;;;;;;;;52;;;;59;;;;;;;;29;;;;;;;;49;;;;;;;;;29;;;;;;;52;;;;49;52;;
;SPHINX;JGOW-Y;7;Gas;14 670;3;INIT;49;;;;53;;;;;;;;;;52;;;;59;;;;;;;;30;;;;;;;;49;;;;;;;;;30;;;;;;;52;;;;49;52;;
;SPHINX;APM-6K;1;Lava;4 340;3;INIT;;;;;30;;;;;;49;;67;;;;;;;;;;56;;;;;;39;;;;30;56;;;;;;;;49;;;;;;;;;;;39;;;56;;
;SPHINX;APM-6K;2;Barren;2 100;3;INIT;32;;;;54;;68;;;;;;;;;;57;;;;32;;;;;;;;;;;32;;;;;;;;32;;;54;;;;;;;;;32;;;32;54;;
;SPHINX;APM-6K;3;Lava;6 810;3;INIT;;;;;36;;;;;;34;;61;;;;;;;;;;59;;;;;;43;;;;36;59;;;;;;;;34;;;;;;;;;;;43;;;59;;
;SPHINX;APM-6K;4;Storm;8 550;3;INIT;71;;;;69;;;;;;;;;;33;;;;42;;;;;;;;;;61;;;;;;33;;;;;;;;;;;;33;;61;;33;;;;69;69;;
;SPHINX;APM-6K;5;Gas;83 530;3;INIT;45;;;;54;;;;;;;;;;51;;;;59;;;;;;;;17;;;;;;;;45;;;;;;;;;17;;;;;;;51;;;;45;51;;
;SPHINX;APM-6K;6;Gas;32 400;3;INIT;48;;;;55;;;;;;;;;;52;;;;58;;;;;;;;28;;;;;;;;48;;;;;;;;;28;;;;;;;52;;;;48;52;;
;SPHINX;APM-6K;7;Ice;43 550;3;INIT;92;;;;;;;;;;;;74;;;;42;;34;;;;;;46;;;;;;;;;;;;;;;;;;;;;;;;;34;;42;;42;;42;;
;SPHINX;APM-6K;8;Ice;9 090;3;INIT;85;;;;;;;;;;;;77;;;;40;;28;;;;;;49;;;;;;;;;;;;;;;;;;;;;;;;;28;;40;;40;;40;;
;SPHINX;AL8-V4;1;Lava;2 320;3;INIT;;;;;34;;;;;;2;;66;;;;;;;;;;64;;;;;;44;;;;34;64;;;;;;;;2;;;;;;;;;;;44;;;64;;
;SPHINX;AL8-V4;2;Temperate;5 520;3;INIT;44;;68;;;;76;;40;;;;;;;;58;;;;;;;;;;;;;;;;;;;;40;;40;;;;;;;68;;;;;;44;;;;68;;
;SPHINX;AL8-V4;3;Gas;27 780;3;INIT;49;;;;55;;;;;;;;;;53;;;;60;;;;;;;;19;;;;;;;;49;;;;;;;;;19;;;;;;;53;;;;49;53;;
;SPHINX;AL8-V4;4;Gas;48 370;3;INIT;48;;;;53;;;;;;;;;;54;;;;57;;;;;;;;29;;;;;;;;48;;;;;;;;;29;;;;;;;54;;;;48;54;;
;SPHINX;AL8-V4;5;Storm;5 180;3;INIT;57;;;;62;;;;;;;;;;42;;;;59;;;;;;;;;;53;;;;;;42;;;;;;;;;;;;42;;53;;42;;;;57;57;;
;SPHINX;KCT-0A;1;Barren;1 790;3;INIT;29;;;;58;;79;;;;;;;;;;55;;;;41;;;;;;;;;;;41;;;;;;;;41;;;55;;;;;;;;;29;;;29;55;;
;SPHINX;KCT-0A;2;Barren;2 570;3;INIT;31;;;;54;;76;;;;;;;;;;59;;;;37;;;;;;;;;;;37;;;;;;;;37;;;54;;;;;;;;;31;;;31;54;;
;SPHINX;KCT-0A;3;Lava;5 350;3;INIT;;;;;28;;;;;;55;;71;;;;;;;;;;59;;;;;;30;;;;28;59;;;;;;;;55;;;;;;;;;;;30;;;59;;
;SPHINX;KCT-0A;4;Gas;20 700;3;INIT;47;;;;54;;;;;;;;;;52;;;;61;;;;;;;;28;;;;;;;;47;;;;;;;;;28;;;;;;;52;;;;47;52;;
;SPHINX;KCT-0A;5;Temperate;6 950;3;INIT;42;;62;;;;84;;36;;;;;;;;61;;;;;;;;;;;;;;;;;;;;36;;36;;;;;;;62;;;;;;42;;;;62;;
;SPHINX;KCT-0A;6;Gas;33 670;3;INIT;48;;;;53;;;;;;;;;;52;;;;62;;;;;;;;23;;;;;;;;48;;;;;;;;;23;;;;;;;52;;;;48;52;;
;SPHINX;KCT-0A;7;Barren;7 450;3;INIT;31;;;;51;;67;;;;;;;;;;62;;;;31;;;;;;;;;;;31;;;;;;;;31;;;51;;;;;;;;;31;;;31;51;;
;SPHINX;KCT-0A;8;Barren;10 830;3;INIT;31;;;;57;;72;;;;;;;;;;57;;;;41;;;;;;;;;;;41;;;;;;;;41;;;57;;;;;;;;;31;;;31;57;;
;SPHINX;N2-OQG;1;Barren;2 480;3;INIT;30;;;;57;;75;;;;;;;;;;57;;;;41;;;;;;;;;;;41;;;;;;;;41;;;57;;;;;;;;;30;;;30;57;;
;SPHINX;N2-OQG;2;Barren;6 400;3;INIT;32;;;;52;;69;;;;;;;;;;56;;;;41;;;;;;;;;;;41;;;;;;;;41;;;52;;;;;;;;;32;;;32;52;;
;SPHINX;N2-OQG;3;Oceanic;3 610;3;INIT;59;;;;;;81;;12;;;;;;;;104;;;;;;;;56;;;;;;;;;;;;12;12;12;;;;;;;;;;;;;59;;56;;59;;
;SPHINX;N2-OQG;4;Barren;8 980;3;INIT;31;;;;50;;60;;;;;;;;;;61;;;;31;;;;;;;;;;;31;;;;;;;;31;;;50;;;;;;;;;31;;;31;50;;
;SPHINX;N2-OQG;5;Temperate;9 580;3;INIT;15;;69;;;;82;;54;;;;;;;;79;;;;;;;;;;;;;;;;;;;;54;;54;;;;;;;69;;;;;;15;;;;69;;
;SPHINX;N2-OQG;6;Gas;56 540;3;INIT;48;;;;52;;;;;;;;;;49;;;;61;;;;;;;;32;;;;;;;;48;;;;;;;;;32;;;;;;;49;;;;48;49;;
;SPHINX;N2-OQG;7;Gas;41 900;3;INIT;46;;;;51;;;;;;;;;;53;;;;58;;;;;;;;26;;;;;;;;46;;;;;;;;;26;;;;;;;53;;;;46;53;;
;SPHINX;N2-OQG;8;Gas;20 050;3;INIT;46;;;;51;;;;;;;;;;50;;;;62;;;;;;;;22;;;;;;;;46;;;;;;;;;22;;;;;;;50;;;;46;50;;
;SPHINX;N2-OQG;9;Gas;12 890;3;INIT;47;;;;51;;;;;;;;;;51;;;;59;;;;;;;;40;;;;;;;;47;;;;;;;;;40;;;;;;;51;;;;47;51;;
;SPHINX;N2-OQG;10;Barren;10 000;3;INIT;28;;;;55;;73;;;;;;;;;;58;;;;41;;;;;;;;;;;41;;;;;;;;41;;;55;;;;;;;;;28;;;28;55;;
;SPHINX;9O-ORX;1;Barren;2 730;3;INIT;30;;;;55;;67;;;;;;;;;;55;;;;36;;;;;;;;;;;36;;;;;;;;36;;;55;;;;;;;;;30;;;30;55;;
;SPHINX;9O-ORX;2;Lava;2 720;3;INIT;;;;;28;;;;;;16;;74;;;;;;;;;;63;;;;;;35;;;;28;63;;;;;;;;16;;;;;;;;;;;35;;;63;;
;SPHINX;9O-ORX;3;Oceanic;3 640;3;INIT;101;;;;;;47;;59;;;;;;;;60;;;;;;;;57;;;;;;;;;;;;59;57;47;;;;;;;;;;;;;60;;57;;60;;
;SPHINX;9O-ORX;4;Barren;11 100;3;INIT;31;;;;50;;65;;;;;;;;;;60;;;;32;;;;;;;;;;;32;;;;;;;;32;;;50;;;;;;;;;31;;;31;50;;
;SPHINX;9O-ORX;5;Gas;21 550;3;INIT;48;;;;54;;;;;;;;;;53;;;;57;;;;;;;;21;;;;;;;;48;;;;;;;;;21;;;;;;;53;;;;48;53;;
;SPHINX;RE-C26;1;Barren;3 210;3;INIT;33;;;;51;;62;;;;;;;;;;60;;;;28;;;;;;;;;;;28;;;;;;;;28;;;51;;;;;;;;;33;;;33;51;;
;SPHINX;RE-C26;2;Storm;6 750;3;INIT;65;;;;70;;;;;;;;;;42;;;;53;;;;;;;;;;69;;;;;;42;;;;;;;;;;;;42;;65;;42;;;;65;65;;
;SPHINX;RE-C26;3;Barren;5 630;3;INIT;31;;;;52;;75;;;;;;;;;;55;;;;43;;;;;;;;;;;43;;;;;;;;43;;;52;;;;;;;;;31;;;31;52;;
;SPHINX;RE-C26;4;Barren;10 290;3;INIT;30;;;;59;;74;;;;;;;;;;53;;;;42;;;;;;;;;;;42;;;;;;;;42;;;53;;;;;;;;;30;;;30;53;;
;SPHINX;RE-C26;5;Barren;10 470;3;INIT;29;;;;55;;72;;;;;;;;;;56;;;;40;;;;;;;;;;;40;;;;;;;;40;;;55;;;;;;;;;29;;;29;55;;
;SPHINX;RE-C26;6;Gas;32 010;3;INIT;48;;;;56;;;;;;;;;;54;;;;60;;;;;;;;38;;;;;;;;48;;;;;;;;;38;;;;;;;54;;;;48;54;;
;SPHINX;RE-C26;7;Gas;30 290;3;INIT;45;;;;56;;;;;;;;;;53;;;;62;;;;;;;;21;;;;;;;;45;;;;;;;;;21;;;;;;;53;;;;45;53;;
;SPHINX;RE-C26;8;Barren;4 560;3;INIT;30;;;;50;;67;;;;;;;;;;61;;;;33;;;;;;;;;;;33;;;;;;;;33;;;50;;;;;;;;;30;;;30;50;;
;SPHINX;RE-C26;9;Barren;6 420;3;INIT;31;;;;56;;67;;;;;;;;;;59;;;;37;;;;;;;;;;;37;;;;;;;;37;;;56;;;;;;;;;31;;;31;56;;
;GRIFFIN;LIWW-P;1;Barren;3 430;3;INIT;30;;;;54;;68;;;;;;;;;;59;;;;42;;;;;;;;;;;42;;;;;;;;42;;;54;;;;;;;;;30;;;30;54;;
;GRIFFIN;LIWW-P;2;Temperate;8 990;3;INIT;96;;46;;;;67;;6;;;;;;;;10;;;;;;;;;;;;;;;;;;;;6;;6;;;;;;;46;;;;;;10;;;;46;;
;GRIFFIN;LIWW-P;3;Gas;48 410;3;INIT;46;;;;53;;;;;;;;;;49;;;;61;;;;;;;;33;;;;;;;;46;;;;;;;;;33;;;;;;;49;;;;46;49;;
;GRIFFIN;LIWW-P;4;Gas;40 740;3;INIT;46;;;;50;;;;;;;;;;52;;;;57;;;;;;;;24;;;;;;;;46;;;;;;;;;24;;;;;;;52;;;;46;52;;
;GRIFFIN;LIWW-P;5;Gas;20 670;3;INIT;46;;;;51;;;;;;;;;;49;;;;60;;;;;;;;24;;;;;;;;46;;;;;;;;;24;;;;;;;49;;;;46;49;;
;GRIFFIN;LIWW-P;6;Barren;6 240;3;INIT;30;;;;52;;62;;;;;;;;;;56;;;;31;;;;;;;;;;;31;;;;;;;;31;;;52;;;;;;;;;30;;;30;52;;
;GRIFFIN;G-UTHL;1;Lava;1 870;3;INIT;;;;;40;;;;;;13;;63;;;;;;;;;;71;;;;;;48;;;;40;63;;;;;;;;13;;;;;;;;;;;48;;;63;;
;GRIFFIN;G-UTHL;2;Barren;4 440;3;INIT;30;;;;53;;67;;;;;;;;;;58;;;;32;;;;;;;;;;;32;;;;;;;;32;;;53;;;;;;;;;30;;;30;53;;
;GRIFFIN;G-UTHL;3;Storm;6 320;3;INIT;62;;;;72;;;;;;;;;;45;;;;54;;;;;;;;;;70;;;;;;45;;;;;;;;;;;;45;;62;;45;;;;62;62;;
;GRIFFIN;G-UTHL;4;Barren;10 720;3;INIT;32;;;;54;;71;;;;;;;;;;58;;;;33;;;;;;;;;;;33;;;;;;;;33;;;54;;;;;;;;;32;;;32;54;;
;GRIFFIN;G-UTHL;5;Gas;21 370;3;INIT;46;;;;53;;;;;;;;;;50;;;;57;;;;;;;;35;;;;;;;;46;;;;;;;;;35;;;;;;;50;;;;46;50;;
;GRIFFIN;G-UTHL;6;Gas;17 010;3;INIT;46;;;;52;;;;;;;;;;50;;;;59;;;;;;;;20;;;;;;;;46;;;;;;;;;20;;;;;;;50;;;;46;50;;
;GRIFFIN;G-UTHL;7;Temperate;4 170;3;INIT;66;;64;;;;75;;28;;;;;;;;42;;;;;;;;;;;;;;;;;;;;28;;28;;;;;;;64;;;;;;42;;;;64;;
;GRIFFIN;G-UTHL;8;Gas;40 480;3;INIT;45;;;;55;;;;;;;;;;49;;;;57;;;;;;;;27;;;;;;;;45;;;;;;;;;27;;;;;;;49;;;;45;49;;
;GRIFFIN;38IA-E;1;Barren;3 500;1;INIT;32;;;;53;;68;;;;;;;;;;56;;;;35;;;;;;;;;;;35;;;;;;;;35;;;53;;;;;;;;;32;;;32;53;;
;GRIFFIN;38IA-E;2;Lava;3 760;3;INIT;;;;;34;;;;;;8;;69;;;;;;;;;;63;;;;;;39;;;;34;63;;;;;;;;8;;;;;;;;;;;39;;;63;;
;GRIFFIN;38IA-E;3;Barren;2 570;1;INIT;33;;;;55;;69;;;;;;;;;;61;;;;31;;;;;;;;;;;31;;;;;;;;31;;;55;;;;;;;;;33;;;33;55;;
;GRIFFIN;38IA-E;4;Storm;7 220;3;INIT;48;;;;47;;;;;;;;;;52;;;;62;;;;;;;;;;34;;;;;;48;;;;;;;;;;;;34;;34;;52;;;;47;52;;
;GRIFFIN;38IA-E;5;Storm;7 810;3;INIT;43;;;;48;;;;;;;;;;52;;;;68;;;;;;;;;;39;;;;;;43;;;;;;;;;;;;39;;39;;52;;;;43;52;;
;GRIFFIN;38IA-E;6;Storm;13 610;3;INIT;59;;;;65;;;;;;;;;;43;;;;55;;;;;;;;;;63;;;;;;43;;;;;;;;;;;;43;;59;;43;;;;59;59;;
;GRIFFIN;38IA-E;7;Gas;46 940;3;INIT;46;;;;52;;;;;;;;;;52;;;;59;;;;;;;;24;;;;;;;;46;;;;;;;;;24;;;;;;;52;;;;46;52;;
;GRIFFIN;38IA-E;8;Gas;21 860;3;INIT;48;;;;55;;;;;;;;;;49;;;;60;;;;;;;;27;;;;;;;;48;;;;;;;;;27;;;;;;;49;;;;48;49;;
;GRIFFIN;38IA-E;9;Barren;11 660;1;INIT;29;;;;57;;74;;;;;;;;;;58;;;;42;;;;;;;;;;;42;;;;;;;;42;;;57;;;;;;;;;29;;;29;57;;
;GRIFFIN;38IA-E;10;Barren;2 350;1;INIT;29;;;;57;;68;;;;;;;;;;55;;;;40;;;;;;;;;;;40;;;;;;;;40;;;55;;;;;;;;;29;;;29;55;;
;GRIFFIN;M-KXEH;1;Barren;7 110;3;INIT;33;;;;57;;75;;;;;;;;;;59;;;;40;;;;;;;;;;;40;;;;;;;;40;;;57;;;;;;;;;33;;;33;57;;
;GRIFFIN;M-KXEH;2;Barren;5 900;3;INIT;31;;;;61;;72;;;;;;;;;;56;;;;40;;;;;;;;;;;40;;;;;;;;40;;;56;;;;;;;;;31;;;31;56;;
;GRIFFIN;M-KXEH;3;Gas;80 580;3;INIT;49;;;;53;;;;;;;;;;53;;;;62;;;;;;;;36;;;;;;;;49;;;;;;;;;36;;;;;;;53;;;;49;53;;
;GRIFFIN;M-KXEH;4;Gas;67 320;3;INIT;47;;;;53;;;;;;;;;;54;;;;59;;;;;;;;24;;;;;;;;47;;;;;;;;;24;;;;;;;54;;;;47;54;;
;GRIFFIN;M-KXEH;5;Gas;86 930;3;INIT;48;;;;54;;;;;;;;;;54;;;;57;;;;;;;;32;;;;;;;;48;;;;;;;;;32;;;;;;;54;;;;48;54;;
;GRIFFIN;M-KXEH;6;Barren;2 350;3;INIT;31;;;;56;;76;;;;;;;;;;56;;;;45;;;;;;;;;;;45;;;;;;;;45;;;56;;;;;;;;;31;;;31;56;;
;GRIFFIN;TU-Y2A;1;Lava;3 920;3;INIT;;;;;35;;;;;;10;;76;;;;;;;;;;71;;;;;;43;;;;35;71;;;;;;;;10;;;;;;;;;;;43;;;71;;
;GRIFFIN;TU-Y2A;2;Gas;55 880;3;INIT;50;;;;57;;;;;;;;;;58;;;;63;;;;;;;;16;;;;;;;;50;;;;;;;;;16;;;;;;;58;;;;50;58;;
;GRIFFIN;TU-Y2A;3;Gas;37 550;3;INIT;53;;;;59;;;;;;;;;;58;;;;68;;;;;;;;29;;;;;;;;53;;;;;;;;;29;;;;;;;58;;;;53;58;;
;GRIFFIN;TU-Y2A;4;Gas;27 820;3;INIT;54;;;;62;;;;;;;;;;58;;;;69;;;;;;;;19;;;;;;;;54;;;;;;;;;19;;;;;;;58;;;;54;58;;
;GRIFFIN;TU-Y2A;5;Gas;16 870;3;INIT;53;;;;61;;;;;;;;;;59;;;;64;;;;;;;;35;;;;;;;;53;;;;;;;;;35;;;;;;;59;;;;53;59;;
;GRIFFIN;TU-Y2A;6;Barren;11 090;3;INIT;32;;;;61;;91;;;;;;;;;;62;;;;51;;;;;;;;;;;51;;;;;;;;51;;;61;;;;;;;;;32;;;32;61;;
;GRIFFIN;7BIX-A;1;Lava;2 890;3;INIT;;;;;31;;;;;;34;;87;;;;;;;;;;75;;;;;;36;;;;31;75;;;;;;;;34;;;;;;;;;;;36;;;75;;
;GRIFFIN;7BIX-A;2;Storm;5 050;3;INIT;75;;;;76;;;;;;;;;;39;;;;58;;;;;;;;;;76;;;;;;39;;;;;;;;;;;;39;;75;;39;;;;75;75;;
;GRIFFIN;7BIX-A;3;Temperate;5 520;3;INIT;76;;67;;;;80;;28;;;;;;;;43;;;;;;;;;;;;;;;;;;;;28;;28;;;;;;;67;;;;;;43;;;;67;;
;GRIFFIN;7BIX-A;4;Storm;5 060;3;INIT;75;;;;81;;;;;;;;;;48;;;;58;;;;;;;;;;68;;;;;;48;;;;;;;;;;;;48;;68;;48;;;;75;75;;
;GRIFFIN;7BIX-A;5;Temperate;7 730;3;INIT;6;;81;;;;86;;57;;;;;;;;85;;;;;;;;;;;;;;;;;;;;57;;57;;;;;;;81;;;;;;6;;;;81;;
;GRIFFIN;7BIX-A;6;Gas;23 670;3;INIT;54;;;;64;;;;;;;;;;59;;;;64;;;;;;;;20;;;;;;;;54;;;;;;;;;20;;;;;;;59;;;;54;59;;
;GRIFFIN;7BIX-A;7;Gas;23 080;3;INIT;53;;;;59;;;;;;;;;;55;;;;64;;;;;;;;32;;;;;;;;53;;;;;;;;;32;;;;;;;55;;;;53;55;;
;GRIFFIN;7BIX-A;8;Oceanic;6 940;3;INIT;78;;;;;;77;;29;;;;;;;;96;;;;;;;;69;;;;;;;;;;;;29;29;29;;;;;;;;;;;;;78;;69;;78;;
;GRIFFIN;7BIX-A;9;Gas;43 110;3;INIT;54;;;;58;;;;;;;;;;59;;;;65;;;;;;;;28;;;;;;;;54;;;;;;;;;28;;;;;;;59;;;;54;59;;
;CHIMERA;15U-JY;1;Barren;1 980;3;INIT;31;;;;57;;78;;;;;;;;;;56;;;;39;;;;;;;;;;;39;;;;;;;;39;;;56;;;;;;;;;31;;;31;56;;
;CHIMERA;15U-JY;2;Plasma;2 500;3;INIT;;;;;27;;;;;;;;37;;;;;;;;59;;45;;;;;;36;;;;27;37;;37;;;;27;;;;;;;;;;;;;36;;;37;;
;CHIMERA;15U-JY;3;Temperate;4 220;3;INIT;0;;65;;;;76;;64;;;;;;;;97;;;;;;;;;;;;;;;;;;;;64;;64;;;;;;;65;;;;;;0;;;;65;;
;CHIMERA;15U-JY;4;Barren;2 300;3;INIT;30;;;;52;;67;;;;;;;;;;62;;;;30;;;;;;;;;;;30;;;;;;;;30;;;52;;;;;;;;;30;;;30;52;;
;CHIMERA;15U-JY;5;Barren;3 630;3;INIT;33;;;;50;;66;;;;;;;;;;60;;;;29;;;;;;;;;;;29;;;;;;;;29;;;50;;;;;;;;;33;;;33;50;;
;CHIMERA;15U-JY;6;Gas;20 360;3;INIT;46;;;;56;;;;;;;;;;50;;;;57;;;;;;;;27;;;;;;;;46;;;;;;;;;27;;;;;;;50;;;;46;50;;
;CHIMERA;15U-JY;7;Gas;23 820;3;INIT;46;;;;55;;;;;;;;;;50;;;;58;;;;;;;;36;;;;;;;;46;;;;;;;;;36;;;;;;;50;;;;46;50;;
;CHIMERA;6VDT-H;1;Lava;3 360;3;INIT;;;;;38;;;;;;31;;56;;;;;;;;;;51;;;;;;45;;;;38;51;;;;;;;;31;;;;;;;;;;;45;;;51;;
;CHIMERA;6VDT-H;2;Lava;3 210;3;INIT;;;;;37;;;;;;19;;56;;;;;;;;;;59;;;;;;44;;;;37;56;;;;;;;;19;;;;;;;;;;;44;;;56;;
;CHIMERA;6VDT-H;3;Temperate;4 920;3;INIT;39;;63;;;;78;;38;;;;;;;;61;;;;;;;;;;;;;;;;;;;;38;;38;;;;;;;63;;;;;;39;;;;63;;
;CHIMERA;6VDT-H;4;Plasma;4 180;3;INIT;;;;;20;;;;;;;;25;;;;;;;;46;;40;;;;;;16;;;;20;25;;25;;;;20;;;;;;;;;;;;;16;;;25;;
;CHIMERA;6VDT-H;5;Barren;12 440;3;INIT;31;;;;45;;64;;;;;;;;;;60;;;;31;;;;;;;;;;;31;;;;;;;;31;;;45;;;;;;;;;31;;;31;45;;
;CHIMERA;6VDT-H;6;Barren;12 690;3;INIT;31;;;;53;;73;;;;;;;;;;59;;;;30;;;;;;;;;;;30;;;;;;;;30;;;53;;;;;;;;;31;;;31;53;;
;CHIMERA;6VDT-H;7;Temperate;6 180;3;INIT;15;;63;;;;90;;51;;;;;;;;82;;;;;;;;;;;;;;;;;;;;51;;51;;;;;;;63;;;;;;15;;;;63;;
;CHIMERA;6VDT-H;8;Gas;33 410;3;INIT;45;;;;50;;;;;;;;;;49;;;;58;;;;;;;;26;;;;;;;;45;;;;;;;;;26;;;;;;;49;;;;45;49;;
;CHIMERA;7BX-6F;1;Barren;3 440;3;INIT;34;;;;66;;88;;;;;;;;;;65;;;;43;;;;;;;;;;;43;;;;;;;;43;;;65;;;;;;;;;34;;;34;65;;
;CHIMERA;7BX-6F;2;Barren;3 630;3;INIT;38;;;;61;;72;;;;;;;;;;70;;;;34;;;;;;;;;;;34;;;;;;;;34;;;61;;;;;;;;;38;;;38;61;;
;CHIMERA;7BX-6F;3;Temperate;7 870;3;INIT;44;;69;;;;95;;44;;;;;;;;70;;;;;;;;;;;;;;;;;;;;44;;44;;;;;;;69;;;;;;44;;;;69;;
;CHIMERA;7BX-6F;4;Storm;6 900;3;INIT;63;;;;61;;;;;;;;;;50;;;;71;;;;;;;;;;50;;;;;;50;;;;;;;;;;;;50;;50;;50;;;;61;61;;
;CHIMERA;7BX-6F;5;Gas;24 740;3;INIT;55;;;;63;;;;;;;;;;61;;;;71;;;;;;;;33;;;;;;;;55;;;;;;;;;33;;;;;;;61;;;;55;61;;
;CHIMERA;7BX-6F;6;Oceanic;4 980;3;INIT;115;;;;;;50;;63;;;;;;;;72;;;;;;;;59;;;;;;;;;;;;63;59;50;;;;;;;;;;;;;72;;59;;72;;
;CHIMERA;7BX-6F;7;Gas;47 830;3;INIT;54;;;;65;;;;;;;;;;61;;;;68;;;;;;;;24;;;;;;;;54;;;;;;;;;24;;;;;;;61;;;;54;61;;
;CHIMERA;7BX-6F;8;Gas;48 150;3;INIT;55;;;;64;;;;;;;;;;61;;;;67;;;;;;;;25;;;;;;;;55;;;;;;;;;25;;;;;;;61;;;;55;61;;
;CHIMERA;7BX-6F;9;Gas;22 620;3;INIT;57;;;;61;;;;;;;;;;61;;;;69;;;;;;;;18;;;;;;;;57;;;;;;;;;18;;;;;;;61;;;;57;61;;
;CHIMERA;AV-VB6;1;Barren;2 260;1;INIT;39;;;;58;;70;;;;;;;;;;68;;;;31;;;;;;;;;;;31;;;;;;;;31;;;58;;;;;;;;;39;;;39;58;;
;CHIMERA;AV-VB6;2;Barren;2 510;1;INIT;38;;;;61;;74;;;;;;;;;;70;;;;33;;;;;;;;;;;33;;;;;;;;33;;;61;;;;;;;;;38;;;38;61;;
;CHIMERA;AV-VB6;3;Barren;2 780;1;INIT;36;;;;59;;82;;;;;;;;;;68;;;;35;;;;;;;;;;;35;;;;;;;;35;;;59;;;;;;;;;36;;;36;59;;
;CHIMERA;AV-VB6;4;Temperate;4 410;1;INIT;120;;38;;;;72;;4;;;;;;;;7;;;;;;;;;;;;;;;;;;;;4;;4;;;;;;;38;;;;;;7;;;;38;;
;CHIMERA;AV-VB6;5;Storm;4 350;3;INIT;53;;;;55;;;;;;;;;;56;;;;70;;;;;;;;;;38;;;;;;53;;;;;;;;;;;;38;;38;;56;;;;53;56;;
;CHIMERA;AV-VB6;6;Barren;3 290;1;INIT;37;;;;60;;78;;;;;;;;;;65;;;;36;;;;;;;;;;;36;;;;;;;;36;;;60;;;;;;;;;37;;;37;60;;
;CHIMERA;AV-VB6;7;Lava;8 730;3;INIT;;;;;47;;;;;;33;;63;;;;;;;;;;66;;;;;;54;;;;47;63;;;;;;;;33;;;;;;;;;;;54;;;63;;
;CHIMERA;AV-VB6;8;Barren;9 600;1;INIT;36;;;;63;;85;;;;;;;;;;64;;;;40;;;;;;;;;;;40;;;;;;;;40;;;63;;;;;;;;;36;;;36;63;;
;CHIMERA;AV-VB6;9;Barren;4 730;1;INIT;33;;;;65;;89;;;;;;;;;;70;;;;40;;;;;;;;;;;40;;;;;;;;40;;;65;;;;;;;;;33;;;33;65;;
;CHIMERA;AV-VB6;10;Gas;15 560;3;INIT;53;;;;63;;;;;;;;;;62;;;;67;;;;;;;;31;;;;;;;;53;;;;;;;;;31;;;;;;;62;;;;53;62;;
;CHIMERA;AV-VB6;11;Storm;6 940;3;INIT;75;;;;78;;;;;;;;;;41;;;;51;;;;;;;;;;72;;;;;;41;;;;;;;;;;;;41;;72;;41;;;;75;75;;
;CHIMERA;AV-VB6;12;Gas;16 170;3;INIT;57;;;;61;;;;;;;;;;61;;;;69;;;;;;;;27;;;;;;;;57;;;;;;;;;27;;;;;;;61;;;;57;61;;
;CHIMERA;AV-VB6;13;Barren;3 730;1;INIT;37;;;;61;;84;;;;;;;;;;71;;;;36;;;;;;;;;;;36;;;;;;;;36;;;61;;;;;;;;;37;;;37;61;;
;CHIMERA;AV-VB6;14;Gas;17 180;3;INIT;53;;;;65;;;;;;;;;;58;;;;67;;;;;;;;18;;;;;;;;53;;;;;;;;;18;;;;;;;58;;;;53;58;;
;CHIMERA;AV-VB6;15;Gas;28 810;3;INIT;56;;;;64;;;;;;;;;;62;;;;68;;;;;;;;27;;;;;;;;56;;;;;;;;;27;;;;;;;62;;;;56;62;;
;CHIMERA;AV-VB6;16;Barren;11 620;1;INIT;36;;;;66;;82;;;;;;;;;;71;;;;39;;;;;;;;;;;39;;;;;;;;39;;;66;;;;;;;;;36;;;36;66;;
;CHIMERA;HMF-9D;1;Lava;3 310;3;INIT;;;;;28;;;;;;45;;78;;;;;;;;;;58;;;;;;31;;;;28;58;;;;;;;;45;;;;;;;;;;;31;;;58;;
;CHIMERA;HMF-9D;2;Barren;3 040;3;INIT;29;;;;57;;71;;;;;;;;;;56;;;;37;;;;;;;;;;;37;;;;;;;;37;;;56;;;;;;;;;29;;;29;56;;
;CHIMERA;HMF-9D;3;Barren;3 900;3;INIT;30;;;;52;;72;;;;;;;;;;56;;;;41;;;;;;;;;;;41;;;;;;;;41;;;52;;;;;;;;;30;;;30;52;;
;CHIMERA;HMF-9D;4;Temperate;8 120;3;INIT;73;;58;;;;76;;26;;;;;;;;40;;;;;;;;;;;;;;;;;;;;26;;26;;;;;;;58;;;;;;40;;;;58;;
;CHIMERA;HMF-9D;5;Lava;8 030;3;INIT;;;;;30;;;;;;18;;74;;;;;;;;;;66;;;;;;33;;;;30;66;;;;;;;;18;;;;;;;;;;;33;;;66;;
;CHIMERA;HMF-9D;6;Gas;98 550;3;INIT;47;;;;54;;;;;;;;;;50;;;;58;;;;;;;;26;;;;;;;;47;;;;;;;;;26;;;;;;;50;;;;47;50;;
;CHIMERA;HMF-9D;7;Ice;9 650;3;INIT;88;;;;;;;;;;;;88;;;;44;;31;;;;;;46;;;;;;;;;;;;;;;;;;;;;;;;;31;;44;;44;;44;;
;CHIMERA;NDH-NV;1;Lava;3 300;3;INIT;;;;;38;;;;;;5;;67;;;;;;;;;;65;;;;;;46;;;;38;65;;;;;;;;5;;;;;;;;;;;46;;;65;;
;CHIMERA;NDH-NV;2;Oceanic;3 140;3;INIT;72;;;;;;81;;22;;;;;;;;104;;;;;;;;63;;;;;;;;;;;;22;22;22;;;;;;;;;;;;;72;;63;;72;;
;CHIMERA;NDH-NV;3;Temperate;5 640;3;INIT;76;;69;;;;86;;28;;;;;;;;46;;;;;;;;;;;;;;;;;;;;28;;28;;;;;;;69;;;;;;46;;;;69;;
;CHIMERA;NDH-NV;4;Gas;14 290;3;INIT;51;;;;57;;;;;;;;;;58;;;;68;;;;;;;;34;;;;;;;;51;;;;;;;;;34;;;;;;;58;;;;51;58;;
;CHIMERA;NDH-NV;5;Gas;16 190;3;INIT;54;;;;59;;;;;;;;;;56;;;;64;;;;;;;;35;;;;;;;;54;;;;;;;;;35;;;;;;;56;;;;54;56;;
;CHIMERA;NDH-NV;6;Gas;18 770;3;INIT;53;;;;61;;;;;;;;;;56;;;;68;;;;;;;;40;;;;;;;;53;;;;;;;;;40;;;;;;;56;;;;53;56;;
;CHIMERA;NY6-FH;1;Barren;2 330;3;INIT;32;;;;62;;78;;;;;;;;;;56;;;;41;;;;;;;;;;;41;;;;;;;;41;;;56;;;;;;;;;32;;;32;56;;
;CHIMERA;NY6-FH;2;Barren;4 210;3;INIT;30;;;;59;;80;;;;;;;;;;56;;;;43;;;;;;;;;;;43;;;;;;;;43;;;56;;;;;;;;;30;;;30;56;;
;CHIMERA;NY6-FH;3;Storm;11 170;3;INIT;58;;;;61;;;;;;;;;;49;;;;62;;;;;;;;;;58;;;;;;49;;;;;;;;;;;;49;;58;;49;;;;58;58;;
;CHIMERA;NY6-FH;4;Barren;6 000;3;INIT;33;;;;58;;79;;;;;;;;;;57;;;;41;;;;;;;;;;;41;;;;;;;;41;;;57;;;;;;;;;33;;;33;57;;
;CHIMERA;NY6-FH;5;Gas;73 670;3;INIT;52;;;;57;;;;;;;;;;53;;;;61;;;;;;;;25;;;;;;;;52;;;;;;;;;25;;;;;;;53;;;;52;53;;
;CHIMERA;NY6-FH;6;Gas;95 350;3;INIT;50;;;;54;;;;;;;;;;54;;;;63;;;;;;;;28;;;;;;;;50;;;;;;;;;28;;;;;;;54;;;;50;54;;
;CHIMERA;NY6-FH;7;Ice;21 220;3;INIT;95;;;;;;;;;;;;89;;;;44;;36;;;;;;50;;;;;;;;;;;;;;;;;;;;;;;;;36;;44;;44;;44;;
;CHIMERA;NY6-FH;8;Barren;3 300;3;INIT;35;;;;57;;74;;;;;;;;;;63;;;;40;;;;;;;;;;;40;;;;;;;;40;;;57;;;;;;;;;35;;;35;57;;
;CHIMERA;QV28-G;1;Lava;3 600;3;INIT;;;;;36;;;;;;39;;75;;;;;;;;;;68;;;;;;41;;;;36;68;;;;;;;;39;;;;;;;;;;;41;;;68;;
;CHIMERA;QV28-G;2;Barren;4 650;3;INIT;31;;;;61;;82;;;;;;;;;;56;;;;44;;;;;;;;;;;44;;;;;;;;44;;;56;;;;;;;;;31;;;31;56;;
;CHIMERA;QV28-G;3;Gas;16 890;3;INIT;48;;;;54;;;;;;;;;;55;;;;61;;;;;;;;26;;;;;;;;48;;;;;;;;;26;;;;;;;55;;;;48;55;;
;CHIMERA;QV28-G;4;Temperate;4 990;3;INIT;30;;66;;;;78;;43;;;;;;;;65;;;;;;;;;;;;;;;;;;;;43;;43;;;;;;;66;;;;;;30;;;;66;;
;CHIMERA;QV28-G;5;Gas;22 950;3;INIT;51;;;;55;;;;;;;;;;56;;;;60;;;;;;;;31;;;;;;;;51;;;;;;;;;31;;;;;;;56;;;;51;56;;
;CHIMERA;QV28-G;6;Oceanic;7 150;3;INIT;71;;;;;;79;;22;;;;;;;;92;;;;;;;;59;;;;;;;;;;;;22;22;22;;;;;;;;;;;;;71;;59;;71;;
;CHIMERA;QV28-G;7;Gas;26 390;3;INIT;47;;;;57;;;;;;;;;;53;;;;61;;;;;;;;28;;;;;;;;47;;;;;;;;;28;;;;;;;53;;;;47;53;;
;CHIMERA;QV28-G;8;Gas;12 770;3;INIT;48;;;;58;;;;;;;;;;53;;;;60;;;;;;;;29;;;;;;;;48;;;;;;;;;29;;;;;;;53;;;;48;53;;
;CHIMERA;XJP-Y7;1;Lava;3 570;3;INIT;;;;;35;;;;;;2;;74;;;;;;;;;;61;;;;;;40;;;;35;61;;;;;;;;2;;;;;;;;;;;40;;;61;;
;CHIMERA;XJP-Y7;2;Barren;5 480;3;INIT;33;;;;62;;87;;;;;;;;;;65;;;;45;;;;;;;;;;;45;;;;;;;;45;;;62;;;;;;;;;33;;;33;62;;
;CHIMERA;XJP-Y7;3;Gas;43 830;3;INIT;55;;;;58;;;;;;;;;;57;;;;66;;;;;;;;28;;;;;;;;55;;;;;;;;;28;;;;;;;57;;;;55;57;;
;CHIMERA;XJP-Y7;4;Gas;14 810;3;INIT;53;;;;58;;;;;;;;;;60;;;;66;;;;;;;;35;;;;;;;;53;;;;;;;;;35;;;;;;;60;;;;53;60;;
;CHIMERA;XJP-Y7;5;Gas;85 630;3;INIT;50;;;;58;;;;;;;;;;57;;;;66;;;;;;;;32;;;;;;;;50;;;;;;;;;32;;;;;;;57;;;;50;57;;
;CHIMERA;XJP-Y7;6;Barren;10 720;3;INIT;33;;;;53;;80;;;;;;;;;;65;;;;39;;;;;;;;;;;39;;;;;;;;39;;;53;;;;;;;;;33;;;33;53;;
;CHIMERA;XJP-Y7;7;Ice;11 580;3;INIT;101;;;;;;;;;;;;78;;;;54;;40;;;;;;45;;;;;;;;;;;;;;;;;;;;;;;;;40;;54;;45;;54;;
;CHIMERA;XJP-Y7;8;Ice;7 220;3;INIT;99;;;;;;;;;;;;88;;;;53;;35;;;;;;44;;;;;;;;;;;;;;;;;;;;;;;;;35;;53;;44;;53;;
;UNICORN;6F-H3W;1;Barren;2 060;1;INIT;29;;;;55;;75;;;;;;;;;;55;;;;34;;;;;;;;;;;34;;;;;;;;34;;;55;;;;;;;;;29;;;29;55;;
;UNICORN;6F-H3W;2;Barren;3 750;1;INIT;32;;;;51;;64;;;;;;;;;;59;;;;28;;;;;;;;;;;28;;;;;;;;28;;;51;;;;;;;;;32;;;32;51;;
;UNICORN;6F-H3W;3;Oceanic;4 810;3;INIT;93;;;;;;44;;53;;;;;;;;68;;;;;;;;51;;;;;;;;;;;;53;51;44;;;;;;;;;;;;;68;;51;;68;;
;UNICORN;6F-H3W;4;Barren;4 790;1;INIT;32;;;;52;;61;;;;;;;;;;59;;;;29;;;;;;;;;;;29;;;;;;;;29;;;52;;;;;;;;;32;;;32;52;;
;UNICORN;6F-H3W;5;Barren;2 460;1;INIT;29;;;;56;;71;;;;;;;;;;51;;;;39;;;;;;;;;;;39;;;;;;;;39;;;51;;;;;;;;;29;;;29;51;;
;UNICORN;6F-H3W;6;Storm;11 200;3;INIT;66;;;;65;;;;;;;;;;38;;;;47;;;;;;;;;;54;;;;;;38;;;;;;;;;;;;38;;54;;38;;;;65;65;;
;UNICORN;6F-H3W;7;Storm;4 420;3;INIT;56;;;;61;;;;;;;;;;43;;;;58;;;;;;;;;;50;;;;;;43;;;;;;;;;;;;43;;50;;43;;;;56;56;;
;UNICORN;6F-H3W;8;Barren;8 320;1;INIT;31;;;;51;;65;;;;;;;;;;59;;;;32;;;;;;;;;;;32;;;;;;;;32;;;51;;;;;;;;;31;;;31;51;;
;UNICORN;6F-H3W;9;Barren;9 120;1;INIT;32;;;;57;;72;;;;;;;;;;57;;;;38;;;;;;;;;;;38;;;;;;;;38;;;57;;;;;;;;;32;;;32;57;;
;UNICORN;6F-H3W;10;Gas;20 950;3;INIT;48;;;;54;;;;;;;;;;52;;;;59;;;;;;;;18;;;;;;;;48;;;;;;;;;18;;;;;;;52;;;;48;52;;
;UNICORN;6F-H3W;11;Storm;11 000;3;INIT;61;;;;66;;;;;;;;;;39;;;;55;;;;;;;;;;53;;;;;;39;;;;;;;;;;;;39;;53;;39;;;;61;61;;
;UNICORN;B17O-R;1;Lava;1 710;3;INIT;;;;;28;;;;;;49;;59;;;;;;;;;;52;;;;;;36;;;;28;52;;;;;;;;49;;;;;;;;;;;36;;;52;;
;UNICORN;B17O-R;2;Barren;2 890;3;INIT;31;;;;49;;68;;;;;;;;;;57;;;;31;;;;;;;;;;;31;;;;;;;;31;;;49;;;;;;;;;31;;;31;49;;
;UNICORN;B17O-R;3;Storm;5 030;3;INIT;40;;;;40;;;;;;;;;;48;;;;63;;;;;;;;;;29;;;;;;40;;;;;;;;;;;;29;;29;;48;;;;40;48;;
;UNICORN;B17O-R;4;Storm;7 590;3;INIT;42;;;;42;;;;;;;;;;50;;;;67;;;;;;;;;;34;;;;;;42;;;;;;;;;;;;34;;34;;50;;;;42;50;;
;UNICORN;B17O-R;5;Barren;5 180;3;INIT;31;;;;51;;67;;;;;;;;;;56;;;;33;;;;;;;;;;;33;;;;;;;;33;;;51;;;;;;;;;31;;;31;51;;
;UNICORN;B17O-R;6;Temperate;9 190;3;INIT;36;;59;;;;74;;45;;;;;;;;59;;;;;;;;;;;;;;;;;;;;45;;45;;;;;;;59;;;;;;36;;;;59;;
;UNICORN;B17O-R;7;Gas;36 090;3;INIT;47;;;;54;;;;;;;;;;50;;;;58;;;;;;;;25;;;;;;;;47;;;;;;;;;25;;;;;;;50;;;;47;50;;
;UNICORN;B17O-R;8;Gas;19 870;3;INIT;47;;;;54;;;;;;;;;;53;;;;61;;;;;;;;29;;;;;;;;47;;;;;;;;;29;;;;;;;53;;;;47;53;;
;UNICORN;DBRN-Z;1;Lava;2 280;3;INIT;;;;;36;;;;;;46;;78;;;;;;;;;;69;;;;;;40;;;;36;69;;;;;;;;46;;;;;;;;;;;40;;;69;;
;UNICORN;DBRN-Z;2;Lava;3 760;3;INIT;;;;;41;;;;;;69;;71;;;;;;;;;;69;;;;;;48;;;;41;69;;;;;;;;69;;;;;;;;;;;48;;;69;;
;UNICORN;DBRN-Z;3;Barren;3 950;3;INIT;38;;;;56;;77;;;;;;;;;;65;;;;36;;;;;;;;;;;36;;;;;;;;36;;;56;;;;;;;;;38;;;38;56;;
;UNICORN;DBRN-Z;4;Lava;2 660;3;INIT;;;;;41;;;;;;46;;69;;;;;;;;;;73;;;;;;48;;;;41;69;;;;;;;;46;;;;;;;;;;;48;;;69;;
;UNICORN;DBRN-Z;5;Barren;2 490;3;INIT;38;;;;58;;75;;;;;;;;;;66;;;;35;;;;;;;;;;;35;;;;;;;;35;;;58;;;;;;;;;38;;;38;58;;
;UNICORN;DBRN-Z;6;Gas;18 090;3;INIT;54;;;;62;;;;;;;;;;62;;;;66;;;;;;;;39;;;;;;;;54;;;;;;;;;39;;;;;;;62;;;;54;62;;
;UNICORN;DBRN-Z;7;Barren;5 500;3;INIT;38;;;;68;;94;;;;;;;;;;67;;;;43;;;;;;;;;;;43;;;;;;;;43;;;67;;;;;;;;;38;;;38;67;;
;UNICORN;DBRN-Z;8;Gas;35 430;3;INIT;55;;;;62;;;;;;;;;;58;;;;67;;;;;;;;22;;;;;;;;55;;;;;;;;;22;;;;;;;58;;;;55;58;;
;UNICORN;DBRN-Z;9;Temperate;4 620;3;INIT;82;;62;;;;81;;25;;;;;;;;39;;;;;;;;;;;;;;;;;;;;25;;25;;;;;;;62;;;;;;39;;;;62;;
;UNICORN;DBRN-Z;10;Ice;31 080;3;INIT;95;;;;;;;;;;;;93;;;;48;;43;;;;;;49;;;;;;;;;;;;;;;;;;;;;;;;;43;;48;;48;;48;;
;UNICORN;H-NPXW;1;Barren;2 670;3;INIT;31;;;;57;;71;;;;;;;;;;59;;;;38;;;;;;;;;;;38;;;;;;;;38;;;57;;;;;;;;;31;;;31;57;;
;UNICORN;H-NPXW;2;Lava;3 300;3;INIT;;;;;36;;;;;;8;;67;;;;;;;;;;66;;;;;;45;;;;36;66;;;;;;;;8;;;;;;;;;;;45;;;66;;
;UNICORN;H-NPXW;3;Temperate;4 260;3;INIT;80;;55;;;;79;;24;;;;;;;;35;;;;;;;;;;;;;;;;;;;;24;;24;;;;;;;55;;;;;;35;;;;55;;
;UNICORN;H-NPXW;4;Barren;6 640;3;INIT;32;;;;53;;73;;;;;;;;;;65;;;;35;;;;;;;;;;;35;;;;;;;;35;;;53;;;;;;;;;32;;;32;53;;
;UNICORN;H-NPXW;5;Temperate;6 000;3;INIT;82;;59;;;;75;;24;;;;;;;;35;;;;;;;;;;;;;;;;;;;;24;;24;;;;;;;59;;;;;;35;;;;59;;
;UNICORN;H-NPXW;6;Gas;15 590;3;INIT;49;;;;56;;;;;;;;;;52;;;;63;;;;;;;;27;;;;;;;;49;;;;;;;;;27;;;;;;;52;;;;49;52;;
;UNICORN;H-NPXW;7;Temperate;9 190;3;INIT;35;;61;;;;82;;43;;;;;;;;68;;;;;;;;;;;;;;;;;;;;43;;43;;;;;;;61;;;;;;35;;;;61;;
;UNICORN;H-NPXW;8;Gas;21 850;3;INIT;51;;;;55;;;;;;;;;;55;;;;61;;;;;;;;18;;;;;;;;51;;;;;;;;;18;;;;;;;55;;;;51;55;;
;UNICORN;H-NPXW;9;Temperate;12 630;3;INIT;2;;66;;;;98;;59;;;;;;;;87;;;;;;;;;;;;;;;;;;;;59;;59;;;;;;;66;;;;;;2;;;;66;;
;UNICORN;L-1SW8;1;Lava;2 860;3;INIT;;;;;31;;;;;;8;;62;;;;;;;;;;58;;;;;;37;;;;31;58;;;;;;;;8;;;;;;;;;;;37;;;58;;
;UNICORN;L-1SW8;2;Barren;3 960;1;INIT;33;;;;57;;89;;;;;;;;;;59;;;;34;;;;;;;;;;;34;;;;;;;;34;;;57;;;;;;;;;33;;;33;57;;
;UNICORN;L-1SW8;3;Lava;6 240;3;INIT;;;;;36;;;;;;60;;59;;;;;;;;;;57;;;;;;46;;;;36;57;;;;;;;;57;;;;;;;;;;;46;;;57;;
;UNICORN;L-1SW8;4;Lava;2 610;3;INIT;;;;;38;;;;;;5;;61;;;;;;;;;;60;;;;;;50;;;;38;60;;;;;;;;5;;;;;;;;;;;50;;;60;;
;UNICORN;L-1SW8;5;Storm;8 090;3;INIT;77;;;;73;;;;;;;;;;33;;;;44;;;;;;;;;;74;;;;;;33;;;;;;;;;;;;33;;74;;33;;;;73;74;;
;UNICORN;L-1SW8;6;Barren;12 530;1;INIT;33;;;;58;;90;;;;;;;;;;59;;;;33;;;;;;;;;;;33;;;;;;;;33;;;58;;;;;;;;;33;;;33;58;;
;UNICORN;L-1SW8;7;Barren;6 390;1;INIT;35;;;;54;;78;;;;;;;;;;68;;;;30;;;;;;;;;;;30;;;;;;;;30;;;54;;;;;;;;;35;;;35;54;;
;UNICORN;L-1SW8;8;Gas;61 010;3;INIT;50;;;;58;;;;;;;;;;53;;;;64;;;;;;;;35;;;;;;;;50;;;;;;;;;35;;;;;;;53;;;;50;53;;
;UNICORN;L-1SW8;9;Gas;12 690;3;INIT;49;;;;59;;;;;;;;;;53;;;;65;;;;;;;;33;;;;;;;;49;;;;;;;;;33;;;;;;;53;;;;49;53;;
;UNICORN;L-1SW8;10;Oceanic;2 710;3;INIT;66;;;;;;83;;24;;;;;;;;93;;;;;;;;60;;;;;;;;;;;;24;24;24;;;;;;;;;;;;;66;;60;;66;;
;UNICORN;L-1SW8;11;Barren;4 040;1;INIT;34;;;;59;;82;;;;;;;;;;62;;;;33;;;;;;;;;;;33;;;;;;;;33;;;59;;;;;;;;;34;;;34;59;;
;UNICORN;U-SOH2;1;Lava;2 470;3;INIT;;;;;36;;;;;;27;;75;;;;;;;;;;67;;;;;;46;;;;36;67;;;;;;;;27;;;;;;;;;;;46;;;67;;
;UNICORN;U-SOH2;2;Temperate;4 590;3;INIT;42;;69;;;;82;;48;;;;;;;;71;;;;;;;;;;;;;;;;;;;;48;;48;;;;;;;69;;;;;;42;;;;69;;
;UNICORN;U-SOH2;3;Oceanic;3 520;3;INIT;112;;;;;;50;;66;;;;;;;;69;;;;;;;;55;;;;;;;;;;;;66;55;50;;;;;;;;;;;;;69;;55;;69;;
;UNICORN;U-SOH2;4;Temperate;4 950;3;INIT;38;;68;;;;93;;44;;;;;;;;73;;;;;;;;;;;;;;;;;;;;44;;44;;;;;;;68;;;;;;38;;;;68;;
;UNICORN;U-SOH2;5;Lava;3 770;3;INIT;;;;;35;;;;;;56;;76;;;;;;;;;;67;;;;;;42;;;;35;67;;;;;;;;56;;;;;;;;;;;42;;;67;;
;UNICORN;U-SOH2;6;Gas;15 270;3;INIT;54;;;;64;;;;;;;;;;57;;;;64;;;;;;;;15;;;;;;;;54;;;;;;;;;15;;;;;;;57;;;;54;57;;
;UNICORN;U-SOH2;7;Gas;13 350;3;INIT;53;;;;61;;;;;;;;;;56;;;;68;;;;;;;;27;;;;;;;;53;;;;;;;;;27;;;;;;;56;;;;53;56;;
;UNICORN;U-SOH2;8;Storm;10 590;3;INIT;73;;;;69;;;;;;;;;;48;;;;54;;;;;;;;;;59;;;;;;48;;;;;;;;;;;;48;;59;;48;;;;69;69;;
;KRAKEN;UAYL-F;1;Temperate;4 370;3;INIT;13;;73;;;;92;;52;;;;;;;;84;;;;;;;;;;;;;;;;;;;;52;;52;;;;;;;73;;;;;;13;;;;73;;
;KRAKEN;UAYL-F;2;Lava;3 800;3;INIT;;;;;37;;;;;;10;;65;;;;;;;;;;70;;;;;;48;;;;37;65;;;;;;;;10;;;;;;;;;;;48;;;65;;
;KRAKEN;UAYL-F;3;Temperate;4 800;3;INIT;78;;55;;;;72;;24;;;;;;;;35;;;;;;;;;;;;;;;;;;;;24;;24;;;;;;;55;;;;;;35;;;;55;;
;KRAKEN;UAYL-F;4;Temperate;10 660;3;INIT;78;;60;;;;77;;16;;;;;;;;26;;;;;;;;;;;;;;;;;;;;16;;16;;;;;;;60;;;;;;26;;;;60;;
;KRAKEN;UAYL-F;5;Storm;7 710;3;INIT;66;;;;72;;;;;;;;;;33;;;;48;;;;;;;;;;68;;;;;;33;;;;;;;;;;;;33;;66;;33;;;;66;66;;
;KRAKEN;ESC-RI;1;Barren;2 160;1;INIT;30;;;;57;;71;;;;;;;;;;58;;;;37;;;;;;;;;;;37;;;;;;;;37;;;57;;;;;;;;;30;;;30;57;;
;KRAKEN;ESC-RI;2;Lava;3 510;3;INIT;;;;;34;;;;;;16;;71;;;;;;;;;;64;;;;;;42;;;;34;64;;;;;;;;16;;;;;;;;;;;42;;;64;;
;KRAKEN;ESC-RI;3;Temperate;5 870;1;INIT;60;;59;;;;81;;31;;;;;;;;44;;;;;;;;;;;;;;;;;;;;31;;31;;;;;;;59;;;;;;44;;;;59;;
;KRAKEN;ESC-RI;4;Barren;5 410;1;INIT;29;;;;56;;75;;;;;;;;;;56;;;;43;;;;;;;;;;;43;;;;;;;;43;;;56;;;;;;;;;29;;;29;56;;
;KRAKEN;ESC-RI;5;Barren;3 540;1;INIT;31;;;;55;;77;;;;;;;;;;56;;;;44;;;;;;;;;;;44;;;;;;;;44;;;55;;;;;;;;;31;;;31;55;;
;KRAKEN;ESC-RI;6;Gas;34 030;3;INIT;48;;;;53;;;;;;;;;;53;;;;57;;;;;;;;14;;;;;;;;48;;;;;;;;;14;;;;;;;53;;;;48;53;;
;KRAKEN;ESC-RI;7;Barren;12 010;1;INIT;31;;;;61;;76;;;;;;;;;;52;;;;48;;;;;;;;;;;48;;;;;;;;48;;;52;;;;;;;;;31;;;31;52;;
;KRAKEN;ESC-RI;8;Temperate;5 610;1;INIT;25;;68;;;;86;;47;;;;;;;;75;;;;;;;;;;;;;;;;;;;;47;;47;;;;;;;68;;;;;;25;;;;68;;
;KRAKEN;ESC-RI;9;Gas;30 810;3;INIT;47;;;;55;;;;;;;;;;49;;;;57;;;;;;;;27;;;;;;;;47;;;;;;;;;27;;;;;;;49;;;;47;49;;
;KRAKEN;671-ST;1;Temperate;5 670;3;INIT;26;;70;;;;92;;42;;;;;;;;65;;;;;;;;;;;;;;;;;;;;42;;42;;;;;;;70;;;;;;26;;;;70;;
;KRAKEN;671-ST;2;Lava;4 810;3;INIT;;;;;31;;;;;;12;;75;;;;;;;;;;68;;;;;;38;;;;31;68;;;;;;;;12;;;;;;;;;;;38;;;68;;
;KRAKEN;671-ST;3;Oceanic;7 620;3;INIT;72;;;;;;71;;23;;;;;;;;86;;;;;;;;64;;;;;;;;;;;;23;23;23;;;;;;;;;;;;;72;;64;;72;;
;KRAKEN;671-ST;4;Gas;21 850;3;INIT;47;;;;55;;;;;;;;;;53;;;;57;;;;;;;;17;;;;;;;;47;;;;;;;;;17;;;;;;;53;;;;47;53;;
;KRAKEN;671-ST;5;Lava;11 850;3;INIT;;;;;29;;;;;;36;;72;;;;;;;;;;63;;;;;;36;;;;29;63;;;;;;;;36;;;;;;;;;;;36;;;63;;
;KRAKEN;671-ST;6;Gas;13 420;3;INIT;46;;;;56;;;;;;;;;;51;;;;60;;;;;;;;36;;;;;;;;46;;;;;;;;;36;;;;;;;51;;;;46;51;;
;KRAKEN;671-ST;7;Barren;11 800;3;INIT;28;;;;56;;67;;;;;;;;;;56;;;;36;;;;;;;;;;;36;;;;;;;;36;;;56;;;;;;;;;28;;;28;56;;
;KRAKEN;671-ST;8;Ice;15 000;3;INIT;88;;;;;;;;;;;;87;;;;41;;32;;;;;;47;;;;;;;;;;;;;;;;;;;;;;;;;32;;41;;41;;41;;
;KRAKEN;A-HZYL;1;Lava;1 840;3;INIT;;;;;28;;;;;;65;;67;;;;;;;;;;64;;;;;;34;;;;28;64;;;;;;;;64;;;;;;;;;;;34;;;64;;
;KRAKEN;A-HZYL;2;Barren;4 400;3;INIT;33;;;;51;;66;;;;;;;;;;59;;;;32;;;;;;;;;;;32;;;;;;;;32;;;51;;;;;;;;;33;;;33;51;;
;KRAKEN;A-HZYL;3;Barren;3 580;3;INIT;32;;;;53;;70;;;;;;;;;;59;;;;34;;;;;;;;;;;34;;;;;;;;34;;;53;;;;;;;;;32;;;32;53;;
;KRAKEN;A-HZYL;4;Barren;2 770;3;INIT;32;;;;54;;72;;;;;;;;;;57;;;;33;;;;;;;;;;;33;;;;;;;;33;;;54;;;;;;;;;32;;;32;54;;
;KRAKEN;A-HZYL;5;Temperate;6 880;3;INIT;84;;60;;;;76;;16;;;;;;;;27;;;;;;;;;;;;;;;;;;;;16;;16;;;;;;;60;;;;;;27;;;;60;;
;KRAKEN;A-HZYL;6;Lava;5 500;3;INIT;;;;;34;;;;;;27;;68;;;;;;;;;;61;;;;;;40;;;;34;61;;;;;;;;27;;;;;;;;;;;40;;;61;;
;KRAKEN;A-HZYL;7;Gas;22 510;3;INIT;48;;;;54;;;;;;;;;;53;;;;59;;;;;;;;34;;;;;;;;48;;;;;;;;;34;;;;;;;53;;;;48;53;;
;KRAKEN;A-HZYL;8;Gas;33 980;3;INIT;45;;;;55;;;;;;;;;;54;;;;63;;;;;;;;27;;;;;;;;45;;;;;;;;;27;;;;;;;54;;;;45;54;;
;KRAKEN;A-HZYL;9;Gas;17 070;3;INIT;47;;;;55;;;;;;;;;;49;;;;60;;;;;;;;16;;;;;;;;47;;;;;;;;;16;;;;;;;49;;;;47;49;;
;KRAKEN;A-HZYL;10;Barren;6 960;3;INIT;32;;;;56;;74;;;;;;;;;;55;;;;42;;;;;;;;;;;42;;;;;;;;42;;;55;;;;;;;;;32;;;32;55;;
;KRAKEN;A-HZYL;11;Storm;9 160;3;INIT;43;;;;45;;;;;;;;;;53;;;;69;;;;;;;;;;32;;;;;;43;;;;;;;;;;;;32;;32;;53;;;;43;53;;
;KRAKEN;H-S80W;1;Barren;4 680;3;INIT;32;;;;54;;72;;;;;;;;;;59;;;;38;;;;;;;;;;;38;;;;;;;;38;;;54;;;;;;;;;32;;;32;54;;
;KRAKEN;H-S80W;2;Temperate;6 950;3;INIT;51;;61;;;;79;;26;;;;;;;;41;;;;;;;;;;;;;;;;;;;;26;;26;;;;;;;61;;;;;;41;;;;61;;
;KRAKEN;H-S80W;3;Gas;32 550;3;INIT;44;;;;51;;;;;;;;;;51;;;;61;;;;;;;;33;;;;;;;;44;;;;;;;;;33;;;;;;;51;;;;44;51;;
;KRAKEN;H-S80W;4;Gas;61 360;3;INIT;45;;;;54;;;;;;;;;;52;;;;58;;;;;;;;31;;;;;;;;45;;;;;;;;;31;;;;;;;52;;;;45;52;;
;KRAKEN;H-S80W;5;Gas;39 760;3;INIT;48;;;;51;;;;;;;;;;53;;;;59;;;;;;;;21;;;;;;;;48;;;;;;;;;21;;;;;;;53;;;;48;53;;
;KRAKEN;H-S80W;6;Gas;57 330;3;INIT;45;;;;53;;;;;;;;;;52;;;;56;;;;;;;;25;;;;;;;;45;;;;;;;;;25;;;;;;;52;;;;45;52;;
;KRAKEN;H-S80W;7;Storm;5 680;3;INIT;43;;;;44;;;;;;;;;;56;;;;69;;;;;;;;;;37;;;;;;43;;;;;;;;;;;;37;;37;;56;;;;43;56;;
;KRAKEN;H-S80W;8;Ice;12 370;3;INIT;93;;;;;;;;;;;;91;;;;45;;33;;;;;;44;;;;;;;;;;;;;;;;;;;;;;;;;33;;45;;44;;45;;
;KRAKEN;H-S80W;9;Storm;5 070;3;INIT;47;;;;46;;;;;;;;;;54;;;;63;;;;;;;;;;34;;;;;;47;;;;;;;;;;;;34;;34;;54;;;;46;54;;
;KRAKEN;Z30S-A;1;Barren;1 970;3;INIT;31;;;;54;;71;;;;;;;;;;61;;;;36;;;;;;;;;;;36;;;;;;;;36;;;54;;;;;;;;;31;;;31;54;;
;KRAKEN;Z30S-A;2;Barren;2 590;3;INIT;31;;;;54;;70;;;;;;;;;;57;;;;39;;;;;;;;;;;39;;;;;;;;39;;;54;;;;;;;;;31;;;31;54;;
;KRAKEN;Z30S-A;3;Barren;3 240;3;INIT;28;;;;59;;75;;;;;;;;;;56;;;;43;;;;;;;;;;;43;;;;;;;;43;;;56;;;;;;;;;28;;;28;56;;
;KRAKEN;Z30S-A;4;Temperate;6 900;3;INIT;51;;66;;;;79;;33;;;;;;;;52;;;;;;;;;;;;;;;;;;;;33;;33;;;;;;;66;;;;;;51;;;;66;;
;KRAKEN;Z30S-A;5;Gas;13 030;3;INIT;44;;;;52;;;;;;;;;;49;;;;57;;;;;;;;34;;;;;;;;44;;;;;;;;;34;;;;;;;49;;;;44;49;;
;KRAKEN;Z30S-A;6;Lava;3 080;3;INIT;;;;;38;;;;;;17;;61;;;;;;;;;;69;;;;;;51;;;;38;61;;;;;;;;17;;;;;;;;;;;51;;;61;;
;KRAKEN;Z30S-A;7;Gas;15 210;3;INIT;48;;;;51;;;;;;;;;;52;;;;61;;;;;;;;32;;;;;;;;48;;;;;;;;;32;;;;;;;52;;;;48;52;;
;KRAKEN;Z30S-A;8;Temperate;4 360;3;INIT;91;;49;;;;67;;16;;;;;;;;24;;;;;;;;;;;;;;;;;;;;16;;16;;;;;;;49;;;;;;24;;;;49;;
;KRAKEN;Z30S-A;9;Temperate;10 990;3;INIT;24;;65;;;;80;;51;;;;;;;;77;;;;;;;;;;;;;;;;;;;;51;;51;;;;;;;65;;;;;;24;;;;65;;
;KRAKEN;Z30S-A;10;Barren;3 770;3;INIT;31;;;;58;;81;;;;;;;;;;53;;;;42;;;;;;;;;;;42;;;;;;;;42;;;53;;;;;;;;;31;;;31;53;;
;KRAKEN;Z30S-A;11;Gas;32 280;3;INIT;46;;;;54;;;;;;;;;;50;;;;60;;;;;;;;27;;;;;;;;46;;;;;;;;;27;;;;;;;50;;;;46;50;;
;MANTICORE;E-BWUU;1;Lava;2 610;3;INIT;;;;;39;;;;;;14;;63;;;;;;;;;;71;;;;;;45;;;;39;63;;;;;;;;14;;;;;;;;;;;45;;;63;;
;MANTICORE;E-BWUU;2;Lava;4 690;3;INIT;;;;;35;;;;;;13;;69;;;;;;;;;;70;;;;;;42;;;;35;69;;;;;;;;13;;;;;;;;;;;42;;;69;;
;MANTICORE;E-BWUU;3;Barren;1 960;3;INIT;30;;;;57;;78;;;;;;;;;;53;;;;46;;;;;;;;;;;46;;;;;;;;46;;;53;;;;;;;;;30;;;30;53;;
;MANTICORE;E-BWUU;4;Oceanic;11 530;3;INIT;75;;;;;;66;;24;;;;;;;;85;;;;;;;;59;;;;;;;;;;;;24;24;24;;;;;;;;;;;;;75;;59;;75;;
;MANTICORE;E-BWUU;5;Oceanic;7 600;3;INIT;94;;;;;;46;;56;;;;;;;;70;;;;;;;;56;;;;;;;;;;;;56;56;46;;;;;;;;;;;;;70;;56;;70;;
;MANTICORE;E-BWUU;6;Gas;35 590;3;INIT;46;;;;56;;;;;;;;;;51;;;;59;;;;;;;;20;;;;;;;;46;;;;;;;;;20;;;;;;;51;;;;46;51;;
;MANTICORE;E-BWUU;7;Gas;26 510;3;INIT;47;;;;51;;;;;;;;;;53;;;;59;;;;;;;;23;;;;;;;;47;;;;;;;;;23;;;;;;;53;;;;47;53;;
;MANTICORE;E-BWUU;8;Gas;37 180;3;INIT;48;;;;56;;;;;;;;;;50;;;;61;;;;;;;;32;;;;;;;;48;;;;;;;;;32;;;;;;;50;;;;48;50;;
;MANTICORE;E-BWUU;9;Gas;12 480;3;INIT;49;;;;53;;;;;;;;;;55;;;;60;;;;;;;;31;;;;;;;;49;;;;;;;;;31;;;;;;;55;;;;49;55;;
;MANTICORE;E-BWUU;10;Oceanic;2 740;3;INIT;96;;;;;;47;;59;;;;;;;;65;;;;;;;;53;;;;;;;;;;;;59;53;47;;;;;;;;;;;;;65;;53;;65;;
;MANTICORE;E-BWUU;11;Barren;4 060;3;INIT;29;;;;55;;72;;;;;;;;;;56;;;;37;;;;;;;;;;;37;;;;;;;;37;;;55;;;;;;;;;29;;;29;55;;
;MANTICORE;Y-1W01;1;Barren;5 050;3;INIT;29;;;;56;;78;;;;;;;;;;55;;;;44;;;;;;;;;;;44;;;;;;;;44;;;55;;;;;;;;;29;;;29;55;;
;MANTICORE;Y-1W01;2;Lava;4 200;3;INIT;;;;;33;;;;;;5;;71;;;;;;;;;;66;;;;;;39;;;;33;66;;;;;;;;5;;;;;;;;;;;39;;;66;;
;MANTICORE;Y-1W01;3;Gas;18 240;3;INIT;48;;;;52;;;;;;;;;;54;;;;57;;;;;;;;33;;;;;;;;48;;;;;;;;;33;;;;;;;54;;;;48;54;;
;MANTICORE;Y-1W01;4;Gas;51 870;3;INIT;44;;;;56;;;;;;;;;;52;;;;58;;;;;;;;18;;;;;;;;44;;;;;;;;;18;;;;;;;52;;;;44;52;;
;MANTICORE;Y-1W01;5;Gas;56 600;3;INIT;47;;;;52;;;;;;;;;;49;;;;56;;;;;;;;25;;;;;;;;47;;;;;;;;;25;;;;;;;49;;;;47;49;;
;MANTICORE;Y-1W01;6;Gas;15 340;3;INIT;47;;;;55;;;;;;;;;;49;;;;59;;;;;;;;16;;;;;;;;47;;;;;;;;;16;;;;;;;49;;;;47;49;;
;MANTICORE;Y-1W01;7;Oceanic;4 380;3;INIT;107;;;;;;43;;64;;;;;;;;63;;;;;;;;62;;;;;;;;;;;;63;62;43;;;;;;;;;;;;;63;;62;;63;;
;MANTICORE;Y-1W01;8;Barren;8 080;3;INIT;33;;;;46;;60;;;;;;;;;;64;;;;26;;;;;;;;;;;26;;;;;;;;26;;;46;;;;;;;;;33;;;33;46;;
;MANTICORE;9R4-EJ;1;Barren;2 500;3;INIT;31;;;;56;;74;;;;;;;;;;58;;;;40;;;;;;;;;;;40;;;;;;;;40;;;56;;;;;;;;;31;;;31;56;;
;MANTICORE;9R4-EJ;2;Storm;4 490;3;INIT;61;;;;62;;;;;;;;;;45;;;;56;;;;;;;;;;59;;;;;;45;;;;;;;;;;;;45;;59;;45;;;;61;61;;
;MANTICORE;9R4-EJ;3;Barren;11 900;3;INIT;29;;;;60;;77;;;;;;;;;;57;;;;40;;;;;;;;;;;40;;;;;;;;40;;;57;;;;;;;;;29;;;29;57;;
;MANTICORE;9R4-EJ;4;Gas;31 660;3;INIT;46;;;;53;;;;;;;;;;50;;;;58;;;;;;;;30;;;;;;;;46;;;;;;;;;30;;;;;;;50;;;;46;50;;
;MANTICORE;9R4-EJ;5;Gas;17 450;3;INIT;49;;;;54;;;;;;;;;;52;;;;61;;;;;;;;14;;;;;;;;49;;;;;;;;;14;;;;;;;52;;;;49;52;;
;MANTICORE;9R4-EJ;6;Gas;15 400;3;INIT;47;;;;56;;;;;;;;;;50;;;;58;;;;;;;;15;;;;;;;;47;;;;;;;;;15;;;;;;;50;;;;47;50;;
;MANTICORE;SPLE-Y;1;Plasma;2 700;3;INIT;;;;;28;;;;;;;;38;;;;;;;;64;;45;;;;;;29;;;;28;38;;38;;;;28;;;;;;;;;;;;;29;;;38;;
;MANTICORE;SPLE-Y;2;Lava;5 190;3;INIT;;;;;38;;;;;;46;;64;;;;;;;;;;71;;;;;;45;;;;38;64;;;;;;;;46;;;;;;;;;;;45;;;64;;
;MANTICORE;SPLE-Y;3;Temperate;6 650;3;INIT;108;;40;;;;61;;9;;;;;;;;13;;;;;;;;;;;;;;;;;;;;9;;9;;;;;;;40;;;;;;13;;;;40;;
;MANTICORE;SPLE-Y;4;Barren;6 850;3;INIT;30;;;;59;;78;;;;;;;;;;57;;;;46;;;;;;;;;;;46;;;;;;;;46;;;57;;;;;;;;;30;;;30;57;;
;MANTICORE;SPLE-Y;5;Gas;103 720;3;INIT;47;;;;55;;;;;;;;;;49;;;;58;;;;;;;;21;;;;;;;;47;;;;;;;;;21;;;;;;;49;;;;47;49;;
;MANTICORE;SPLE-Y;6;Gas;27 460;3;INIT;48;;;;54;;;;;;;;;;52;;;;62;;;;;;;;29;;;;;;;;48;;;;;;;;;29;;;;;;;52;;;;48;52;;
;MANTICORE;SPLE-Y;7;Barren;12 700;3;INIT;31;;;;54;;67;;;;;;;;;;57;;;;32;;;;;;;;;;;32;;;;;;;;32;;;54;;;;;;;;;31;;;31;54;;
;MANTICORE;SPLE-Y;8;Ice;14 220;3;INIT;92;;;;;;;;;;;;89;;;;42;;35;;;;;;48;;;;;;;;;;;;;;;;;;;;;;;;;35;;42;;42;;42;;
;MANTICORE;Q-XEB3;1;Barren;1 710;1;INIT;31;;;;55;;73;;;;;;;;;;58;;;;40;;;;;;;;;;;40;;;;;;;;40;;;55;;;;;;;;;31;;;31;55;;
;MANTICORE;Q-XEB3;2;Barren;1 830;1;INIT;33;;;;51;;67;;;;;;;;;;62;;;;36;;;;;;;;;;;36;;;;;;;;36;;;51;;;;;;;;;33;;;33;51;;
;MANTICORE;Q-XEB3;3;Lava;4 050;3;INIT;;;;;35;;;;;;33;;66;;;;;;;;;;67;;;;;;40;;;;35;66;;;;;;;;33;;;;;;;;;;;40;;;66;;
;MANTICORE;Q-XEB3;4;Barren;5 160;1;INIT;31;;;;58;;71;;;;;;;;;;56;;;;39;;;;;;;;;;;39;;;;;;;;39;;;56;;;;;;;;;31;;;31;56;;
;MANTICORE;Q-XEB3;5;Barren;4 860;1;INIT;31;;;;54;;70;;;;;;;;;;56;;;;37;;;;;;;;;;;37;;;;;;;;37;;;54;;;;;;;;;31;;;31;54;;
;MANTICORE;Q-XEB3;6;Barren;10 620;1;INIT;30;;;;60;;79;;;;;;;;;;54;;;;43;;;;;;;;;;;43;;;;;;;;43;;;54;;;;;;;;;30;;;30;54;;
;MANTICORE;Q-XEB3;7;Lava;7 070;3;INIT;;;;;33;;;;;;33;;68;;;;;;;;;;69;;;;;;45;;;;33;68;;;;;;;;33;;;;;;;;;;;45;;;68;;
;MANTICORE;Q-XEB3;8;Gas;73 740;3;INIT;44;;;;51;;;;;;;;;;49;;;;58;;;;;;;;19;;;;;;;;44;;;;;;;;;19;;;;;;;49;;;;44;49;;
;MANTICORE;Q-XEB3;9;Oceanic;12 230;3;INIT;93;;;;;;42;;59;;;;;;;;68;;;;;;;;59;;;;;;;;;;;;59;59;42;;;;;;;;;;;;;68;;59;;68;;
;MANTICORE;Q-XEB3;10;Oceanic;2 750;3;INIT;89;;;;;;50;;52;;;;;;;;70;;;;;;;;57;;;;;;;;;;;;52;52;50;;;;;;;;;;;;;70;;57;;70;;
;MANTICORE;K8L-X7;1;Lava;2 060;3;INIT;;;;;33;;;;;;23;;71;;;;;;;;;;67;;;;;;38;;;;33;67;;;;;;;;23;;;;;;;;;;;38;;;67;;
;MANTICORE;K8L-X7;2;Barren;2 020;3;INIT;30;;;;52;;68;;;;;;;;;;57;;;;34;;;;;;;;;;;34;;;;;;;;34;;;52;;;;;;;;;30;;;30;52;;
;MANTICORE;K8L-X7;3;Lava;2 410;3;INIT;;;;;35;;;;;;24;;68;;;;;;;;;;60;;;;;;42;;;;35;60;;;;;;;;24;;;;;;;;;;;42;;;60;;
;MANTICORE;K8L-X7;4;Barren;2 940;3;INIT;29;;;;57;;77;;;;;;;;;;57;;;;42;;;;;;;;;;;42;;;;;;;;42;;;57;;;;;;;;;29;;;29;57;;
;MANTICORE;K8L-X7;5;Lava;3 110;3;INIT;;;;;27;;;;;;43;;74;;;;;;;;;;59;;;;;;34;;;;27;59;;;;;;;;43;;;;;;;;;;;34;;;59;;
;MANTICORE;K8L-X7;6;Storm;4 980;3;INIT;45;;;;48;;;;;;;;;;52;;;;66;;;;;;;;;;36;;;;;;45;;;;;;;;;;;;36;;36;;52;;;;45;52;;
;MANTICORE;K8L-X7;7;Barren;3 160;3;INIT;32;;;;49;;62;;;;;;;;;;64;;;;28;;;;;;;;;;;28;;;;;;;;28;;;49;;;;;;;;;32;;;32;49;;
;MANTICORE;K8L-X7;8;Gas;45 010;3;INIT;45;;;;53;;;;;;;;;;50;;;;58;;;;;;;;17;;;;;;;;45;;;;;;;;;17;;;;;;;50;;;;45;50;;
;MANTICORE;K8L-X7;9;Gas;12 640;3;INIT;48;;;;51;;;;;;;;;;49;;;;56;;;;;;;;30;;;;;;;;48;;;;;;;;;30;;;;;;;49;;;;48;49;;
;MANTICORE;K8L-X7;10;Barren;8 440;3;INIT;29;;;;57;;75;;;;;;;;;;59;;;;36;;;;;;;;;;;36;;;;;;;;36;;;57;;;;;;;;;29;;;29;57;;
;MANTICORE;K8L-X7;11;Storm;6 230;3;INIT;47;;;;47;;;;;;;;;;55;;;;66;;;;;;;;;;40;;;;;;47;;;;;;;;;;;;40;;40;;55;;;;47;55;;
;PEGASUS;XF-TQL;1;Barren;1 900;3;INIT;31;;;;57;;78;;;;;;;;;;56;;;;43;;;;;;;;;;;43;;;;;;;;43;;;56;;;;;;;;;31;;;31;56;;
;PEGASUS;XF-TQL;2;Lava;2 220;3;INIT;;;;;37;;;;;;1;;61;;;;;;;;;;65;;;;;;46;;;;37;61;;;;;;;;1;;;;;;;;;;;46;;;61;;
;PEGASUS;XF-TQL;3;Oceanic;5 450;3;INIT;99;;;;;;43;;58;;;;;;;;64;;;;;;;;56;;;;;;;;;;;;58;56;43;;;;;;;;;;;;;64;;56;;64;;
;PEGASUS;XF-TQL;4;Plasma;4 260;3;INIT;;;;;28;;;;;;;;39;;;;;;;;61;;45;;;;;;54;;;;28;39;;39;;;;28;;;;;;;;;;;;;45;;;45;;
;PEGASUS;XF-TQL;5;Temperate;7 580;3;INIT;42;;77;;;;87;;1;;;;;;;;2;;;;;;;;;;;;;;;;;;;;1;;1;;;;;;;77;;;;;;2;;;;77;;
;PEGASUS;XF-TQL;6;Barren;11 710;3;INIT;27;;;;55;;75;;;;;;;;;;53;;;;44;;;;;;;;;;;44;;;;;;;;44;;;53;;;;;;;;;27;;;27;53;;
;PEGASUS;XF-TQL;7;Barren;12 680;3;INIT;29;;;;57;;81;;;;;;;;;;55;;;;43;;;;;;;;;;;43;;;;;;;;43;;;55;;;;;;;;;29;;;29;55;;
;PEGASUS;XF-TQL;8;Barren;3 630;3;INIT;30;;;;56;;73;;;;;;;;;;54;;;;41;;;;;;;;;;;41;;;;;;;;41;;;54;;;;;;;;;30;;;30;54;;
;PEGASUS;XF-TQL;9;Oceanic;7 900;3;INIT;92;;;;;;50;;52;;;;;;;;70;;;;;;;;56;;;;;;;;;;;;52;52;50;;;;;;;;;;;;;70;;56;;70;;
;PEGASUS;4-EP12;1;Barren;1 660;1;INIT;30;;;;60;;76;;;;;;;;;;59;;;;42;;;;;;;;;;;42;;;;;;;;42;;;59;;;;;;;;;30;;;30;59;;
;PEGASUS;4-EP12;2;Storm;5 010;3;INIT;56;;;;64;;;;;;;;;;41;;;;60;;;;;;;;;;54;;;;;;41;;;;;;;;;;;;41;;54;;41;;;;56;56;;
;PEGASUS;4-EP12;3;Barren;2 460;1;INIT;30;;;;56;;77;;;;;;;;;;54;;;;44;;;;;;;;;;;44;;;;;;;;44;;;54;;;;;;;;;30;;;30;54;;
;PEGASUS;4-EP12;4;Temperate;5 050;1;INIT;27;;63;;;;86;;46;;;;;;;;77;;;;;;;;;;;;;;;;;;;;46;;46;;;;;;;63;;;;;;27;;;;63;;
;PEGASUS;4-EP12;5;Temperate;5 510;1;INIT;35;;65;;;;81;;40;;;;;;;;64;;;;;;;;;;;;;;;;;;;;40;;40;;;;;;;65;;;;;;35;;;;65;;
;PEGASUS;4-EP12;6;Gas;22 850;3;INIT;45;;;;52;;;;;;;;;;51;;;;59;;;;;;;;22;;;;;;;;45;;;;;;;;;22;;;;;;;51;;;;45;51;;
;PEGASUS;4-EP12;7;Gas;15 000;3;INIT;48;;;;51;;;;;;;;;;51;;;;60;;;;;;;;25;;;;;;;;48;;;;;;;;;25;;;;;;;51;;;;48;51;;
;PEGASUS;4-EP12;8;Temperate;10 170;1;INIT;112;;45;;;;65;;9;;;;;;;;13;;;;;;;;;;;;;;;;;;;;9;;9;;;;;;;45;;;;;;13;;;;45;;
;PEGASUS;4-EP12;9;Gas;12 940;3;INIT;46;;;;52;;;;;;;;;;53;;;;60;;;;;;;;34;;;;;;;;46;;;;;;;;;34;;;;;;;53;;;;46;53;;
;PEGASUS;4-EP12;10;Gas;20 500;3;INIT;44;;;;52;;;;;;;;;;52;;;;60;;;;;;;;25;;;;;;;;44;;;;;;;;;25;;;;;;;52;;;;44;52;;
;PEGASUS;4-EP12;11;Gas;16 150;3;INIT;49;;;;55;;;;;;;;;;50;;;;59;;;;;;;;35;;;;;;;;49;;;;;;;;;35;;;;;;;50;;;;49;50;;
;PEGASUS;4-EP12;12;Barren;8 300;1;INIT;29;;;;59;;71;;;;;;;;;;56;;;;39;;;;;;;;;;;39;;;;;;;;39;;;56;;;;;;;;;29;;;29;56;;
;PEGASUS;4-EP12;13;Oceanic;3 300;3;INIT;62;;;;;;72;;17;;;;;;;;91;;;;;;;;58;;;;;;;;;;;;17;17;17;;;;;;;;;;;;;62;;58;;62;;
;PEGASUS;4-EP12;14;Barren;5 910;1;INIT;29;;;;54;;69;;;;;;;;;;55;;;;39;;;;;;;;;;;39;;;;;;;;39;;;54;;;;;;;;;29;;;29;54;;
;PEGASUS;YZS5-4;1;Barren;4 970;3;INIT;30;;;;57;;78;;;;;;;;;;58;;;;42;;;;;;;;;;;42;;;;;;;;42;;;57;;;;;;;;;30;;;30;57;;
;PEGASUS;YZS5-4;2;Barren;1 970;3;INIT;28;;;;57;;77;;;;;;;;;;53;;;;49;;;;;;;;;;;49;;;;;;;;49;;;53;;;;;;;;;28;;;28;53;;
;PEGASUS;YZS5-4;3;Temperate;5 960;3;INIT;29;;63;;;;77;;51;;;;;;;;75;;;;;;;;;;;;;;;;;;;;51;;51;;;;;;;63;;;;;;29;;;;63;;
;PEGASUS;YZS5-4;4;Oceanic;2 000;3;INIT;62;;;;;;76;;18;;;;;;;;99;;;;;;;;59;;;;;;;;;;;;18;18;18;;;;;;;;;;;;;62;;59;;62;;
;PEGASUS;YZS5-4;5;Temperate;4 920;3;INIT;11;;69;;;;85;;58;;;;;;;;83;;;;;;;;;;;;;;;;;;;;58;;58;;;;;;;69;;;;;;11;;;;69;;
;PEGASUS;YZS5-4;6;Gas;19 920;3;INIT;46;;;;51;;;;;;;;;;52;;;;61;;;;;;;;21;;;;;;;;46;;;;;;;;;21;;;;;;;52;;;;46;52;;
;PEGASUS;YZS5-4;7;Gas;17 140;3;INIT;44;;;;53;;;;;;;;;;51;;;;60;;;;;;;;22;;;;;;;;44;;;;;;;;;22;;;;;;;51;;;;44;51;;
;PEGASUS;YZS5-4;8;Barren;4 300;3;INIT;31;;;;52;;70;;;;;;;;;;61;;;;38;;;;;;;;;;;38;;;;;;;;38;;;52;;;;;;;;;31;;;31;52;;
;PEGASUS;YZS5-4;9;Gas;33 000;3;INIT;46;;;;51;;;;;;;;;;50;;;;58;;;;;;;;28;;;;;;;;46;;;;;;;;;28;;;;;;;50;;;;46;50;;
;PEGASUS;YZS5-4;10;Gas;32 980;3;INIT;47;;;;53;;;;;;;;;;53;;;;59;;;;;;;;28;;;;;;;;47;;;;;;;;;28;;;;;;;53;;;;47;53;;
;PEGASUS;YZS5-4;11;Ice;13 150;3;INIT;91;;;;;;;;;;;;88;;;;42;;37;;;;;;46;;;;;;;;;;;;;;;;;;;;;;;;;37;;42;;42;;42;;
;PEGASUS;3WE-KY;1;Plasma;2 340;3;INIT;;;;;28;;;;;;;;38;;;;;;;;54;;44;;;;;;56;;;;28;38;;38;;;;28;;;;;;;;;;;;;44;;;44;;
;PEGASUS;3WE-KY;2;Barren;3 200;3;INIT;30;;;;53;;75;;;;;;;;;;53;;;;39;;;;;;;;;;;39;;;;;;;;39;;;53;;;;;;;;;30;;;30;53;;
;PEGASUS;3WE-KY;3;Plasma;6 810;3;INIT;;;;;30;;;;;;;;41;;;;;;;;50;;49;;;;;;24;;;;30;41;;41;;;;30;;;;;;;;;;;;;24;;;41;;
;PEGASUS;3WE-KY;4;Lava;3 150;3;INIT;;;;;31;;;;;;53;;65;;;;;;;;;;59;;;;;;39;;;;31;59;;;;;;;;53;;;;;;;;;;;39;;;59;;
;PEGASUS;3WE-KY;5;Gas;45 610;3;INIT;45;;;;52;;;;;;;;;;53;;;;61;;;;;;;;35;;;;;;;;45;;;;;;;;;35;;;;;;;53;;;;45;53;;
;PEGASUS;3WE-KY;6;Gas;149 390;3;INIT;46;;;;54;;;;;;;;;;52;;;;57;;;;;;;;28;;;;;;;;46;;;;;;;;;28;;;;;;;52;;;;46;52;;
;PEGASUS;3WE-KY;7;Gas;23 720;3;INIT;47;;;;53;;;;;;;;;;52;;;;59;;;;;;;;34;;;;;;;;47;;;;;;;;;34;;;;;;;52;;;;47;52;;
;PEGASUS;3WE-KY;8;Ice;10 430;3;INIT;92;;;;;;;;;;;;78;;;;44;;35;;;;;;43;;;;;;;;;;;;;;;;;;;;;;;;;35;;44;;43;;44;;
;PEGASUS;IR-WT1;1;Storm;6 790;3;INIT;52;;;;52;;;;;;;;;;48;;;;65;;;;;;;;;;47;;;;;;48;;;;;;;;;;;;47;;47;;48;;;;52;52;;
;PEGASUS;IR-WT1;2;Barren;2 670;3;INIT;30;;;;51;;69;;;;;;;;;;60;;;;36;;;;;;;;;;;36;;;;;;;;36;;;51;;;;;;;;;30;;;30;51;;
;PEGASUS;IR-WT1;3;Gas;49 570;3;INIT;44;;;;55;;;;;;;;;;50;;;;61;;;;;;;;22;;;;;;;;44;;;;;;;;;22;;;;;;;50;;;;44;50;;
;PEGASUS;IR-WT1;4;Gas;39 590;3;INIT;47;;;;52;;;;;;;;;;53;;;;57;;;;;;;;29;;;;;;;;47;;;;;;;;;29;;;;;;;53;;;;47;53;;
;PEGASUS;IR-WT1;5;Gas;72 290;3;INIT;46;;;;56;;;;;;;;;;51;;;;60;;;;;;;;16;;;;;;;;46;;;;;;;;;16;;;;;;;51;;;;46;51;;
;PEGASUS;IR-WT1;6;Ice;21 420;3;INIT;90;;;;;;;;;;;;94;;;;38;;31;;;;;;51;;;;;;;;;;;;;;;;;;;;;;;;;31;;38;;38;;38;;
;PEGASUS;9-VO0Q;1;Lava;2 690;3;INIT;;;;;33;;;;;;45;;63;;;;;;;;;;62;;;;;;35;;;;33;62;;;;;;;;45;;;;;;;;;;;35;;;62;;
;PEGASUS;9-VO0Q;2;Barren;3 620;3;INIT;32;;;;55;;71;;;;;;;;;;56;;;;37;;;;;;;;;;;37;;;;;;;;37;;;55;;;;;;;;;32;;;32;55;;
;PEGASUS;9-VO0Q;3;Lava;2 010;3;INIT;;;;;38;;;;;;32;;60;;;;;;;;;;60;;;;;;46;;;;38;60;;;;;;;;32;;;;;;;;;;;46;;;60;;
;PEGASUS;9-VO0Q;4;Gas;14 170;3;INIT;45;;;;54;;;;;;;;;;53;;;;59;;;;;;;;29;;;;;;;;45;;;;;;;;;29;;;;;;;53;;;;45;53;;
;PEGASUS;9-VO0Q;5;Oceanic;12 000;3;INIT;96;;;;;;44;;59;;;;;;;;63;;;;;;;;56;;;;;;;;;;;;59;56;44;;;;;;;;;;;;;63;;56;;63;;
;PEGASUS;9-VO0Q;6;Gas;12 860;3;INIT;47;;;;52;;;;;;;;;;52;;;;59;;;;;;;;23;;;;;;;;47;;;;;;;;;23;;;;;;;52;;;;47;52;;
;PEGASUS;9-VO0Q;7;Oceanic;10 070;3;INIT;70;;;;;;73;;21;;;;;;;;85;;;;;;;;57;;;;;;;;;;;;21;21;21;;;;;;;;;;;;;70;;57;;70;;
;PEGASUS;A8-XBW;1;Barren;1 810;3;INIT;29;;;;59;;75;;;;;;;;;;60;;;;39;;;;;;;;;;;39;;;;;;;;39;;;59;;;;;;;;;29;;;29;59;;
;PEGASUS;A8-XBW;2;Barren;2 540;3;INIT;29;;;;56;;69;;;;;;;;;;58;;;;36;;;;;;;;;;;36;;;;;;;;36;;;56;;;;;;;;;29;;;29;56;;
;PEGASUS;A8-XBW;3;Barren;5 220;3;INIT;32;;;;55;;71;;;;;;;;;;62;;;;33;;;;;;;;;;;33;;;;;;;;33;;;55;;;;;;;;;32;;;32;55;;
;PEGASUS;A8-XBW;4;Gas;13 250;3;INIT;47;;;;56;;;;;;;;;;49;;;;55;;;;;;;;23;;;;;;;;47;;;;;;;;;23;;;;;;;49;;;;47;49;;
;PEGASUS;A8-XBW;5;Temperate;4 980;3;INIT;1;;68;;;;83;;64;;;;;;;;97;;;;;;;;;;;;;;;;;;;;64;;64;;;;;;;68;;;;;;1;;;;68;;
;PEGASUS;A8-XBW;6;Gas;29 880;3;INIT;48;;;;52;;;;;;;;;;53;;;;59;;;;;;;;31;;;;;;;;48;;;;;;;;;31;;;;;;;53;;;;48;53;;
;PEGASUS;A8-XBW;7;Storm;16 200;3;INIT;70;;;;71;;;;;;;;;;35;;;;43;;;;;;;;;;66;;;;;;35;;;;;;;;;;;;35;;66;;35;;;;70;70;;
;PEGASUS;A8-XBW;8;Gas;16 870;3;INIT;45;;;;55;;;;;;;;;;54;;;;61;;;;;;;;16;;;;;;;;45;;;;;;;;;16;;;;;;;54;;;;45;54;;
;WYVERN;PNQY-Y;1;Plasma;2 130;3;INIT;;;;;26;;;;;;;;35;;;;;;;;61;;47;;;;;;33;;;;26;35;;35;;;;26;;;;;;;;;;;;;33;;;35;;
;WYVERN;PNQY-Y;2;Barren;3 160;3;INIT;27;;;;54;;73;;;;;;;;;;56;;;;40;;;;;;;;;;;40;;;;;;;;40;;;54;;;;;;;;;27;;;27;54;;
;WYVERN;PNQY-Y;3;Temperate;5 660;3;INIT;36;;62;;;;77;;40;;;;;;;;66;;;;;;;;;;;;;;;;;;;;40;;40;;;;;;;62;;;;;;36;;;;62;;
;WYVERN;PNQY-Y;4;Storm;5 650;3;INIT;68;;;;68;;;;;;;;;;38;;;;45;;;;;;;;;;65;;;;;;38;;;;;;;;;;;;38;;65;;38;;;;68;68;;
;WYVERN;PNQY-Y;5;Barren;6 190;3;INIT;29;;;;55;;66;;;;;;;;;;56;;;;35;;;;;;;;;;;35;;;;;;;;35;;;55;;;;;;;;;29;;;29;55;;
;WYVERN;PNQY-Y;6;Gas;15 720;3;INIT;44;;;;55;;;;;;;;;;52;;;;62;;;;;;;;32;;;;;;;;44;;;;;;;;;32;;;;;;;52;;;;44;52;;
;WYVERN;PNQY-Y;7;Gas;19 810;3;INIT;47;;;;53;;;;;;;;;;51;;;;59;;;;;;;;27;;;;;;;;47;;;;;;;;;27;;;;;;;51;;;;47;51;;
;WYVERN;PNQY-Y;8;Temperate;10 260;3;INIT;44;;84;;;;87;;1;;;;;;;;2;;;;;;;;;;;;;;;;;;;;1;;1;;;;;;;84;;;;;;2;;;;84;;
;WYVERN;RP2-OQ;1;Barren;2 050;3;INIT;30;;;;51;;70;;;;;;;;;;55;;;;37;;;;;;;;;;;37;;;;;;;;37;;;51;;;;;;;;;30;;;30;51;;
;WYVERN;RP2-OQ;2;Storm;9 100;3;INIT;49;;;;47;;;;;;;;;;49;;;;63;;;;;;;;;;38;;;;;;49;;;;;;;;;;;;38;;38;;49;;;;47;49;;
;WYVERN;RP2-OQ;3;Barren;3 240;3;INIT;30;;;;57;;72;;;;;;;;;;61;;;;34;;;;;;;;;;;34;;;;;;;;34;;;57;;;;;;;;;30;;;30;57;;
;WYVERN;RP2-OQ;4;Gas;13 280;3;INIT;48;;;;54;;;;;;;;;;50;;;;62;;;;;;;;30;;;;;;;;48;;;;;;;;;30;;;;;;;50;;;;48;50;;
;WYVERN;RP2-OQ;5;Gas;73 690;3;INIT;47;;;;52;;;;;;;;;;53;;;;61;;;;;;;;20;;;;;;;;47;;;;;;;;;20;;;;;;;53;;;;47;53;;
;WYVERN;RP2-OQ;6;Gas;58 320;3;INIT;46;;;;55;;;;;;;;;;51;;;;58;;;;;;;;21;;;;;;;;46;;;;;;;;;21;;;;;;;51;;;;46;51;;
;WYVERN;RP2-OQ;7;Barren;3 360;3;INIT;31;;;;56;;71;;;;;;;;;;56;;;;41;;;;;;;;;;;41;;;;;;;;41;;;56;;;;;;;;;31;;;31;56;;
;WYVERN;YVBE-E;1;Lava;5 830;3;INIT;;;;;28;;;;;;28;;85;;;;;;;;;;68;;;;;;33;;;;28;68;;;;;;;;28;;;;;;;;;;;33;;;68;;
;WYVERN;YVBE-E;2;Gas;38 090;3;INIT;49;;;;60;;;;;;;;;;55;;;;65;;;;;;;;32;;;;;;;;49;;;;;;;;;32;;;;;;;55;;;;49;55;;
;WYVERN;YVBE-E;3;Gas;53 350;3;INIT;48;;;;59;;;;;;;;;;53;;;;61;;;;;;;;33;;;;;;;;48;;;;;;;;;33;;;;;;;53;;;;48;53;;
;WYVERN;YVBE-E;4;Gas;99 600;3;INIT;49;;;;56;;;;;;;;;;57;;;;65;;;;;;;;34;;;;;;;;49;;;;;;;;;34;;;;;;;57;;;;49;57;;
;WYVERN;YVBE-E;5;Gas;49 040;3;INIT;50;;;;59;;;;;;;;;;57;;;;62;;;;;;;;20;;;;;;;;50;;;;;;;;;20;;;;;;;57;;;;50;57;;
;WYVERN;YVBE-E;6;Ice;19 350;3;INIT;98;;;;;;;;;;;;100;;;;42;;36;;;;;;51;;;;;;;;;;;;;;;;;;;;;;;;;36;;42;;42;;42;;
;WYVERN;YVBE-E;7;Storm;10 140;3;INIT;69;;;;71;;;;;;;;;;38;;;;53;;;;;;;;;;58;;;;;;38;;;;;;;;;;;;38;;58;;38;;;;69;69;;
;WYVERN;YVBE-E;8;Barren;8 330;3;INIT;32;;;;61;;77;;;;;;;;;;61;;;;39;;;;;;;;;;;39;;;;;;;;39;;;61;;;;;;;;;32;;;32;61;;
;WYVERN;BYXF-Q;1;Barren;2 620;3;INIT;33;;;;52;;72;;;;;;;;;;57;;;;35;;;;;;;;;;;35;;;;;;;;35;;;52;;;;;;;;;33;;;33;52;;
;WYVERN;BYXF-Q;2;Lava;3 300;3;INIT;;;;;30;;;;;;39;;68;;;;;;;;;;61;;;;;;36;;;;30;61;;;;;;;;39;;;;;;;;;;;36;;;61;;
;WYVERN;BYXF-Q;3;Barren;2 540;3;INIT;30;;;;56;;75;;;;;;;;;;57;;;;42;;;;;;;;;;;42;;;;;;;;42;;;56;;;;;;;;;30;;;30;56;;
;WYVERN;BYXF-Q;4;Lava;3 640;3;INIT;;;;;28;;;;;;0;;77;;;;;;;;;;53;;;;;;30;;;;28;53;;;;;;;;0;;;;;;;;;;;30;;;53;;
;WYVERN;BYXF-Q;5;Lava;7 380;3;INIT;;;;;36;;;;;;1;;61;;;;;;;;;;67;;;;;;45;;;;36;61;;;;;;;;1;;;;;;;;;;;45;;;61;;
;WYVERN;BYXF-Q;6;Lava;4 880;3;INIT;;;;;27;;;;;;16;;74;;;;;;;;;;59;;;;;;33;;;;27;59;;;;;;;;16;;;;;;;;;;;33;;;59;;
;WYVERN;BYXF-Q;7;Gas;33 010;3;INIT;49;;;;54;;;;;;;;;;53;;;;58;;;;;;;;36;;;;;;;;49;;;;;;;;;36;;;;;;;53;;;;49;53;;
;WYVERN;BYXF-Q;8;Gas;31 850;3;INIT;49;;;;54;;;;;;;;;;52;;;;59;;;;;;;;34;;;;;;;;49;;;;;;;;;34;;;;;;;52;;;;49;52;;
;WYVERN;BYXF-Q;9;Barren;4 130;3;INIT;31;;;;52;;66;;;;;;;;;;58;;;;33;;;;;;;;;;;33;;;;;;;;33;;;52;;;;;;;;;31;;;31;52;;
;WYVERN;BYXF-Q;10;Storm;7 710;3;INIT;69;;;;75;;;;;;;;;;31;;;;40;;;;;;;;;;67;;;;;;31;;;;;;;;;;;;31;;67;;31;;;;69;69;;
;WYVERN;AC2E-3;1;Barren;2 030;3;INIT;31;;;;57;;70;;;;;;;;;;60;;;;39;;;;;;;;;;;39;;;;;;;;39;;;57;;;;;;;;;31;;;31;57;;
;WYVERN;AC2E-3;2;Barren;3 150;3;INIT;32;;;;62;;78;;;;;;;;;;61;;;;44;;;;;;;;;;;44;;;;;;;;44;;;61;;;;;;;;;32;;;32;61;;
;WYVERN;AC2E-3;3;Temperate;4 960;3;INIT;83;;64;;;;83;;25;;;;;;;;37;;;;;;;;;;;;;;;;;;;;25;;25;;;;;;;64;;;;;;37;;;;64;;
;WYVERN;AC2E-3;4;Barren;3 520;3;INIT;32;;;;61;;82;;;;;;;;;;61;;;;43;;;;;;;;;;;43;;;;;;;;43;;;61;;;;;;;;;32;;;32;61;;
;WYVERN;AC2E-3;5;Storm;6 770;3;INIT;71;;;;70;;;;;;;;;;37;;;;49;;;;;;;;;;65;;;;;;37;;;;;;;;;;;;37;;65;;37;;;;70;70;;
;WYVERN;AC2E-3;6;Storm;5 320;3;INIT;58;;;;55;;;;;;;;;;46;;;;66;;;;;;;;;;42;;;;;;46;;;;;;;;;;;;42;;42;;46;;;;55;55;;
;WYVERN;AC2E-3;7;Storm;8 960;3;INIT;49;;;;52;;;;;;;;;;49;;;;69;;;;;;;;;;44;;;;;;49;;;;;;;;;;;;44;;44;;49;;;;49;49;;
;WYVERN;C-C99Z;1;Lava;1 950;3;INIT;;;;;39;;;;;;60;;70;;;;;;;;;;70;;;;;;44;;;;39;70;;;;;;;;60;;;;;;;;;;;44;;;70;;
;WYVERN;C-C99Z;2;Gas;30 980;3;INIT;51;;;;57;;;;;;;;;;56;;;;63;;;;;;;;35;;;;;;;;51;;;;;;;;;35;;;;;;;56;;;;51;56;;
;WYVERN;C-C99Z;3;Gas;63 670;3;INIT;50;;;;55;;;;;;;;;;56;;;;61;;;;;;;;20;;;;;;;;50;;;;;;;;;20;;;;;;;56;;;;50;56;;
;WYVERN;C-C99Z;4;Barren;2 980;3;INIT;32;;;;61;;79;;;;;;;;;;61;;;;45;;;;;;;;;;;45;;;;;;;;45;;;61;;;;;;;;;32;;;32;61;;
;WYVERN;C-C99Z;5;Ice;8 390;3;INIT;96;;;;;;;;;;;;88;;;;47;;37;;;;;;47;;;;;;;;;;;;;;;;;;;;;;;;;37;;47;;47;;47;;
;WYVERN;C-C99Z;6;Ice;10 670;3;INIT;97;;;;;;;;;;;;90;;;;41;;38;;;;;;50;;;;;;;;;;;;;;;;;;;;;;;;;38;;41;;41;;41;;
;WYVERN;CL-BWB;1;Barren;1 870;1;INIT;32;;;;60;;76;;;;;;;;;;58;;;;43;;;;;;;;;;;43;;;;;;;;43;;;58;;;;;;;;;32;;;32;58;;
;WYVERN;CL-BWB;2;Barren;2 750;1;INIT;34;;;;56;;69;;;;;;;;;;58;;;;37;;;;;;;;;;;37;;;;;;;;37;;;56;;;;;;;;;34;;;34;56;;
;WYVERN;CL-BWB;3;Temperate;5 470;1;INIT;3;;69;;;;91;;63;;;;;;;;91;;;;;;;;;;;;;;;;;;;;63;;63;;;;;;;69;;;;;;3;;;;69;;
;WYVERN;CL-BWB;4;Barren;3 700;1;INIT;33;;;;58;;75;;;;;;;;;;61;;;;37;;;;;;;;;;;37;;;;;;;;37;;;58;;;;;;;;;33;;;33;58;;
;WYVERN;CL-BWB;5;Gas;17 760;3;INIT;48;;;;56;;;;;;;;;;56;;;;60;;;;;;;;32;;;;;;;;48;;;;;;;;;32;;;;;;;56;;;;48;56;;
;WYVERN;CL-BWB;6;Barren;2 380;1;INIT;33;;;;58;;78;;;;;;;;;;58;;;;39;;;;;;;;;;;39;;;;;;;;39;;;58;;;;;;;;;33;;;33;58;;
;WYVERN;CL-BWB;7;Gas;24 660;3;INIT;51;;;;58;;;;;;;;;;53;;;;63;;;;;;;;23;;;;;;;;51;;;;;;;;;23;;;;;;;53;;;;51;53;;
;WYVERN;CL-BWB;8;Storm;9 410;3;INIT;52;;;;55;;;;;;;;;;48;;;;68;;;;;;;;;;41;;;;;;48;;;;;;;;;;;;41;;41;;48;;;;52;52;;
;WYVERN;CL-BWB;9;Gas;34 190;3;INIT;48;;;;57;;;;;;;;;;57;;;;63;;;;;;;;22;;;;;;;;48;;;;;;;;;22;;;;;;;57;;;;48;57;;
;WYVERN;CL-BWB;10;Oceanic;2 730;3;INIT;113;;;;;;43;;74;;;;;;;;59;;;;;;;;61;;;;;;;;;;;;59;61;43;;;;;;;;;;;;;59;;59;;61;;
;WYVERN;CL-BWB;11;Gas;12 560;3;INIT;48;;;;57;;;;;;;;;;52;;;;64;;;;;;;;34;;;;;;;;48;;;;;;;;;34;;;;;;;52;;;;48;52;;
;WYVERN;CL-BWB;12;Barren;12 470;1;INIT;30;;;;60;;80;;;;;;;;;;56;;;;47;;;;;;;;;;;47;;;;;;;;47;;;56;;;;;;;;;30;;;30;56;;
;WYVERN;R3W-XU;1;Barren;2 590;3;INIT;31;;;;51;;61;;;;;;;;;;57;;;;30;;;;;;;;;;;30;;;;;;;;30;;;51;;;;;;;;;31;;;31;51;;
;WYVERN;R3W-XU;2;Storm;4 000;3;INIT;64;;;;68;;;;;;;;;;44;;;;50;;;;;;;;;;66;;;;;;44;;;;;;;;;;;;44;;64;;44;;;;64;64;;
;WYVERN;R3W-XU;3;Temperate;4 600;3;INIT;41;;61;;;;75;;40;;;;;;;;65;;;;;;;;;;;;;;;;;;;;40;;40;;;;;;;61;;;;;;41;;;;61;;
;WYVERN;R3W-XU;4;Oceanic;5 510;3;INIT;101;;;;;;42;;61;;;;;;;;65;;;;;;;;57;;;;;;;;;;;;61;57;42;;;;;;;;;;;;;65;;57;;65;;
;WYVERN;R3W-XU;5;Barren;4 230;3;INIT;30;;;;54;;65;;;;;;;;;;58;;;;30;;;;;;;;;;;30;;;;;;;;30;;;54;;;;;;;;;30;;;30;54;;
;WYVERN;R3W-XU;6;Gas;34 750;3;INIT;48;;;;51;;;;;;;;;;54;;;;59;;;;;;;;27;;;;;;;;48;;;;;;;;;27;;;;;;;54;;;;48;54;;
;WYVERN;R3W-XU;7;Barren;2 680;3;INIT;30;;;;58;;70;;;;;;;;;;53;;;;42;;;;;;;;;;;42;;;;;;;;42;;;53;;;;;;;;;30;;;30;53;;
;WYVERN;R3W-XU;8;Barren;4 540;3;INIT;31;;;;57;;74;;;;;;;;;;55;;;;40;;;;;;;;;;;40;;;;;;;;40;;;55;;;;;;;;;31;;;31;55;;
;CENTAUR;Z9PP-H;1;Lava;3 590;3;INIT;;;;;28;;;;;;33;;75;;;;;;;;;;66;;;;;;35;;;;28;66;;;;;;;;33;;;;;;;;;;;35;;;66;;
;CENTAUR;Z9PP-H;2;Barren;4 060;3;INIT;33;;;;50;;67;;;;;;;;;;58;;;;37;;;;;;;;;;;37;;;;;;;;37;;;50;;;;;;;;;33;;;33;50;;
;CENTAUR;Z9PP-H;3;Lava;6 390;3;INIT;;;;;32;;;;;;1;;73;;;;;;;;;;62;;;;;;35;;;;32;62;;;;;;;;1;;;;;;;;;;;35;;;62;;
;CENTAUR;Z9PP-H;4;Lava;2 740;3;INIT;;;;;34;;;;;;36;;64;;;;;;;;;;68;;;;;;44;;;;34;64;;;;;;;;36;;;;;;;;;;;44;;;64;;
;CENTAUR;Z9PP-H;5;Storm;10 480;3;INIT;50;;;;46;;;;;;;;;;52;;;;67;;;;;;;;;;33;;;;;;50;;;;;;;;;;;;33;;33;;52;;;;46;52;;
;CENTAUR;Z9PP-H;6;Temperate;5 540;3;INIT;69;;58;;;;77;;24;;;;;;;;38;;;;;;;;;;;;;;;;;;;;24;;24;;;;;;;58;;;;;;38;;;;58;;
;CENTAUR;Z9PP-H;7;Gas;15 410;3;INIT;45;;;;54;;;;;;;;;;51;;;;58;;;;;;;;24;;;;;;;;45;;;;;;;;;24;;;;;;;51;;;;45;51;;
;CENTAUR;Z9PP-H;8;Oceanic;7 830;3;INIT;54;;;;;;82;;13;;;;;;;;102;;;;;;;;55;;;;;;;;;;;;13;13;13;;;;;;;;;;;;;54;;55;;55;;
;CENTAUR;7-8S5X;1;Barren;2 880;3;INIT;30;;;;58;;75;;;;;;;;;;58;;;;40;;;;;;;;;;;40;;;;;;;;40;;;58;;;;;;;;;30;;;30;58;;
;CENTAUR;7-8S5X;2;Gas;20 800;3;INIT;46;;;;55;;;;;;;;;;52;;;;62;;;;;;;;33;;;;;;;;46;;;;;;;;;33;;;;;;;52;;;;46;52;;
;CENTAUR;7-8S5X;3;Gas;29 970;3;INIT;45;;;;56;;;;;;;;;;53;;;;61;;;;;;;;24;;;;;;;;45;;;;;;;;;24;;;;;;;53;;;;45;53;;
;CENTAUR;7-8S5X;4;Storm;10 710;3;INIT;68;;;;71;;;;;;;;;;35;;;;44;;;;;;;;;;71;;;;;;35;;;;;;;;;;;;35;;68;;35;;;;68;68;;
;CENTAUR;7-8S5X;5;Gas;85 320;3;INIT;46;;;;57;;;;;;;;;;51;;;;57;;;;;;;;34;;;;;;;;46;;;;;;;;;34;;;;;;;51;;;;46;51;;
;CENTAUR;7-8S5X;6;Gas;18 240;3;INIT;48;;;;52;;;;;;;;;;53;;;;62;;;;;;;;23;;;;;;;;48;;;;;;;;;23;;;;;;;53;;;;48;53;;
;CENTAUR;7-8S5X;7;Gas;20 920;3;INIT;48;;;;54;;;;;;;;;;52;;;;58;;;;;;;;20;;;;;;;;48;;;;;;;;;20;;;;;;;52;;;;48;52;;
;CENTAUR;EI-O0O;1;Lava;1 820;3;INIT;;;;;32;;;;;;12;;70;;;;;;;;;;64;;;;;;36;;;;32;64;;;;;;;;12;;;;;;;;;;;36;;;64;;
;CENTAUR;EI-O0O;2;Barren;3 060;1;INIT;28;;;;52;;71;;;;;;;;;;55;;;;40;;;;;;;;;;;40;;;;;;;;40;;;52;;;;;;;;;28;;;28;52;;
;CENTAUR;EI-O0O;3;Oceanic;3 630;3;INIT;100;;;;;;46;;66;;;;;;;;64;;;;;;;;59;;;;;;;;;;;;64;59;46;;;;;;;;;;;;;64;;59;;64;;
;CENTAUR;EI-O0O;4;Barren;3 190;1;INIT;30;;;;54;;70;;;;;;;;;;58;;;;36;;;;;;;;;;;36;;;;;;;;36;;;54;;;;;;;;;30;;;30;54;;
;CENTAUR;EI-O0O;5;Temperate;8 400;1;INIT;17;;66;;;;84;;55;;;;;;;;74;;;;;;;;;;;;;;;;;;;;55;;55;;;;;;;66;;;;;;17;;;;66;;
;CENTAUR;EI-O0O;6;Temperate;7 130;1;INIT;77;;50;;;;73;;21;;;;;;;;33;;;;;;;;;;;;;;;;;;;;21;;21;;;;;;;50;;;;;;33;;;;50;;
;CENTAUR;EI-O0O;7;Temperate;12 620;1;INIT;3;;72;;;;96;;55;;;;;;;;94;;;;;;;;;;;;;;;;;;;;55;;55;;;;;;;72;;;;;;3;;;;72;;
;CENTAUR;7X-02R;1;Lava;3 920;3;INIT;;;;;33;;;;;;24;;65;;;;;;;;;;62;;;;;;41;;;;33;62;;;;;;;;24;;;;;;;;;;;41;;;62;;
;CENTAUR;7X-02R;2;Oceanic;2 030;3;INIT;81;;;;;;50;;52;;;;;;;;75;;;;;;;;48;;;;;;;;;;;;52;48;50;;;;;;;;;;;;;75;;48;;75;;
;CENTAUR;7X-02R;3;Barren;3 930;3;INIT;29;;;;55;;74;;;;;;;;;;59;;;;42;;;;;;;;;;;42;;;;;;;;42;;;55;;;;;;;;;29;;;29;55;;
;CENTAUR;7X-02R;4;Oceanic;3 730;3;INIT;79;;;;;;68;;28;;;;;;;;83;;;;;;;;63;;;;;;;;;;;;28;28;28;;;;;;;;;;;;;79;;63;;79;;
;CENTAUR;7X-02R;5;Temperate;6 880;3;INIT;45;;67;;;;81;;35;;;;;;;;56;;;;;;;;;;;;;;;;;;;;35;;35;;;;;;;67;;;;;;45;;;;67;;
;CENTAUR;7X-02R;6;Temperate;7 880;3;INIT;81;;47;;;;69;;22;;;;;;;;34;;;;;;;;;;;;;;;;;;;;22;;22;;;;;;;47;;;;;;34;;;;47;;
;CENTAUR;7X-02R;7;Temperate;8 670;3;INIT;102;;44;;;;67;;8;;;;;;;;13;;;;;;;;;;;;;;;;;;;;8;;8;;;;;;;44;;;;;;13;;;;44;;
;CENTAUR;7X-02R;8;Gas;14 650;3;INIT;47;;;;52;;;;;;;;;;51;;;;59;;;;;;;;22;;;;;;;;47;;;;;;;;;22;;;;;;;51;;;;47;51;;
;CENTAUR;7X-02R;9;Oceanic;4 230;3;INIT;97;;;;;;46;;56;;;;;;;;67;;;;;;;;53;;;;;;;;;;;;56;53;46;;;;;;;;;;;;;67;;53;;67;;
;CENTAUR;D2AH-Z;1;Barren;4 020;3;INIT;28;;;;54;;68;;;;;;;;;;56;;;;38;;;;;;;;;;;38;;;;;;;;38;;;54;;;;;;;;;28;;;28;54;;
;CENTAUR;D2AH-Z;2;Barren;4 450;3;INIT;30;;;;52;;72;;;;;;;;;;57;;;;40;;;;;;;;;;;40;;;;;;;;40;;;52;;;;;;;;;30;;;30;52;;
;CENTAUR;D2AH-Z;3;Temperate;6 790;3;INIT;98;;52;;;;68;;13;;;;;;;;18;;;;;;;;;;;;;;;;;;;;13;;13;;;;;;;52;;;;;;18;;;;52;;
;CENTAUR;D2AH-Z;4;Barren;3 860;3;INIT;31;;;;59;;73;;;;;;;;;;54;;;;39;;;;;;;;;;;39;;;;;;;;39;;;54;;;;;;;;;31;;;31;54;;
;CENTAUR;D2AH-Z;5;Storm;7 760;3;INIT;56;;;;63;;;;;;;;;;46;;;;60;;;;;;;;;;57;;;;;;46;;;;;;;;;;;;46;;56;;46;;;;56;56;;
;CENTAUR;D2AH-Z;6;Gas;83 480;3;INIT;46;;;;53;;;;;;;;;;51;;;;57;;;;;;;;27;;;;;;;;46;;;;;;;;;27;;;;;;;51;;;;46;51;;
;CENTAUR;D2AH-Z;7;Gas;38 040;3;INIT;44;;;;51;;;;;;;;;;50;;;;61;;;;;;;;16;;;;;;;;44;;;;;;;;;16;;;;;;;50;;;;44;50;;
;CENTAUR;D2AH-Z;8;Barren;4 530;3;INIT;30;;;;56;;72;;;;;;;;;;57;;;;34;;;;;;;;;;;34;;;;;;;;34;;;56;;;;;;;;;30;;;30;56;;
;CENTAUR;J5A-IX;1;Lava;1 610;3;INIT;;;;;26;;;;;;7;;73;;;;;;;;;;67;;;;;;32;;;;26;67;;;;;;;;7;;;;;;;;;;;32;;;67;;
;CENTAUR;J5A-IX;2;Barren;1 850;3;INIT;28;;;;54;;67;;;;;;;;;;61;;;;35;;;;;;;;;;;35;;;;;;;;35;;;54;;;;;;;;;28;;;28;54;;
;CENTAUR;J5A-IX;3;Barren;1 780;3;INIT;32;;;;49;;69;;;;;;;;;;58;;;;34;;;;;;;;;;;34;;;;;;;;34;;;49;;;;;;;;;32;;;32;49;;
;CENTAUR;J5A-IX;4;Barren;2 540;3;INIT;33;;;;54;;73;;;;;;;;;;57;;;;42;;;;;;;;;;;42;;;;;;;;42;;;54;;;;;;;;;33;;;33;54;;
;CENTAUR;J5A-IX;5;Lava;3 450;3;INIT;;;;;36;;;;;;64;;65;;;;;;;;;;63;;;;;;43;;;;36;63;;;;;;;;63;;;;;;;;;;;43;;;63;;
;CENTAUR;J5A-IX;6;Lava;4 750;3;INIT;;;;;33;;;;;;45;;67;;;;;;;;;;65;;;;;;42;;;;33;65;;;;;;;;45;;;;;;;;;;;42;;;65;;
;CENTAUR;J5A-IX;7;Plasma;11 910;3;INIT;;;;;27;;;;;;;;37;;;;;;;;61;;49;;;;;;55;;;;27;37;;37;;;;27;;;;;;;;;;;;;49;;;49;;
;CENTAUR;J5A-IX;8;Temperate;5 010;3;INIT;67;;55;;;;67;;29;;;;;;;;44;;;;;;;;;;;;;;;;;;;;29;;29;;;;;;;55;;;;;;44;;;;55;;
;CENTAUR;J5A-IX;9;Gas;17 160;3;INIT;45;;;;51;;;;;;;;;;50;;;;60;;;;;;;;21;;;;;;;;45;;;;;;;;;21;;;;;;;50;;;;45;50;;
;CENTAUR;J5A-IX;10;Storm;10 210;3;INIT;64;;;;66;;;;;;;;;;37;;;;52;;;;;;;;;;59;;;;;;37;;;;;;;;;;;;37;;59;;37;;;;64;64;;
;CENTAUR;J5A-IX;11;Gas;40 340;3;INIT;45;;;;53;;;;;;;;;;51;;;;59;;;;;;;;24;;;;;;;;45;;;;;;;;;24;;;;;;;51;;;;45;51;;
;CENTAUR;J5A-IX;12;Barren;6 860;3;INIT;31;;;;49;;58;;;;;;;;;;61;;;;32;;;;;;;;;;;32;;;;;;;;32;;;49;;;;;;;;;31;;;31;49;;
;TAURUS;P5-EFH;1;Barren;2 210;3;INIT;34;;;;56;;69;;;;;;;;;;64;;;;33;;;;;;;;;;;33;;;;;;;;33;;;56;;;;;;;;;34;;;34;56;;
;TAURUS;P5-EFH;2;Lava;3 080;3;INIT;;;;;37;;;;;;16;;69;;;;;;;;;;72;;;;;;48;;;;37;69;;;;;;;;16;;;;;;;;;;;48;;;69;;
;TAURUS;P5-EFH;3;Barren;3 680;3;INIT;35;;;;58;;71;;;;;;;;;;64;;;;34;;;;;;;;;;;34;;;;;;;;34;;;58;;;;;;;;;35;;;35;58;;
;TAURUS;P5-EFH;4;Barren;2 860;3;INIT;30;;;;63;;77;;;;;;;;;;61;;;;40;;;;;;;;;;;40;;;;;;;;40;;;61;;;;;;;;;30;;;30;61;;
;TAURUS;P5-EFH;5;Barren;9 340;3;INIT;29;;;;60;;81;;;;;;;;;;58;;;;42;;;;;;;;;;;42;;;;;;;;42;;;58;;;;;;;;;29;;;29;58;;
;TAURUS;P5-EFH;6;Lava;6 330;3;INIT;;;;;37;;;;;;24;;71;;;;;;;;;;68;;;;;;46;;;;37;68;;;;;;;;24;;;;;;;;;;;46;;;68;;
;TAURUS;P5-EFH;7;Gas;24 720;3;INIT;46;;;;55;;;;;;;;;;53;;;;65;;;;;;;;31;;;;;;;;46;;;;;;;;;31;;;;;;;53;;;;46;53;;
;TAURUS;P5-EFH;8;Gas;22 100;3;INIT;50;;;;57;;;;;;;;;;54;;;;64;;;;;;;;23;;;;;;;;50;;;;;;;;;23;;;;;;;54;;;;50;54;;
;TAURUS;P5-EFH;9;Gas;22 620;3;INIT;49;;;;54;;;;;;;;;;55;;;;64;;;;;;;;33;;;;;;;;49;;;;;;;;;33;;;;;;;55;;;;49;55;;
;TAURUS;L-A5XP;1;Barren;2 180;3;INIT;31;;;;61;;80;;;;;;;;;;59;;;;48;;;;;;;;;;;48;;;;;;;;48;;;59;;;;;;;;;31;;;31;59;;
;TAURUS;L-A5XP;2;Barren;2 420;3;INIT;30;;;;60;;78;;;;;;;;;;63;;;;44;;;;;;;;;;;44;;;;;;;;44;;;60;;;;;;;;;30;;;30;60;;
;TAURUS;L-A5XP;3;Barren;5 510;3;INIT;32;;;;61;;78;;;;;;;;;;63;;;;37;;;;;;;;;;;37;;;;;;;;37;;;61;;;;;;;;;32;;;32;61;;
;TAURUS;L-A5XP;4;Gas;15 860;3;INIT;49;;;;54;;;;;;;;;;57;;;;63;;;;;;;;27;;;;;;;;49;;;;;;;;;27;;;;;;;57;;;;49;57;;
;TAURUS;L-A5XP;5;Gas;16 830;3;INIT;50;;;;53;;;;;;;;;;54;;;;60;;;;;;;;26;;;;;;;;50;;;;;;;;;26;;;;;;;54;;;;50;54;;
;TAURUS;L-A5XP;6;Gas;25 050;3;INIT;47;;;;55;;;;;;;;;;54;;;;32;;;;;;;;25;;;;;;;;47;;;;;;;;;25;;;;;;;32;;;;47;47;;
;TAURUS;L-A5XP;7;Gas;37 630;3;INIT;50;;;;57;;;;;;;;;;54;;;;61;;;;;;;;34;;;;;;;;50;;;;;;;;;34;;;;;;;54;;;;50;54;;
;TAURUS;D4KU-5;1;Temperate;5 930;3;INIT;102;;43;;;;61;;12;;;;;;;;18;;;;;;;;;;;;;;;;;;;;12;;12;;;;;;;43;;;;;;18;;;;43;;
;TAURUS;D4KU-5;2;Barren;9 980;3;INIT;31;;;;60;;79;;;;;;;;;;56;;;;42;;;;;;;;;;;42;;;;;;;;42;;;56;;;;;;;;;31;;;31;56;;
;TAURUS;D4KU-5;3;Gas;123 450;3;INIT;47;;;;56;;;;;;;;;;53;;;;60;;;;;;;;32;;;;;;;;47;;;;;;;;;32;;;;;;;53;;;;47;53;;
;TAURUS;D4KU-5;4;Gas;132 490;3;INIT;49;;;;52;;;;;;;;;;49;;;;60;;;;;;;;22;;;;;;;;49;;;;;;;;;22;;;;;;;49;;;;49;49;;
;TAURUS;D4KU-5;5;Ice;75 380;3;INIT;96;;;;;;;;;;;;88;;;;49;;38;;;;;;41;;;;;;;;;;;;;;;;;;;;;;;;;38;;49;;41;;49;;
;TAURUS;D4KU-5;6;Ice;27 580;3;INIT;95;;;;;;;;;;;;89;;;;43;;37;;;;;;44;;;;;;;;;;;;;;;;;;;;;;;;;37;;43;;43;;43;;
;TAURUS;D4KU-5;7;Barren;3 720;3;INIT;28;;;;58;;73;;;;;;;;;;56;;;;42;;;;;;;;;;;42;;;;;;;;42;;;56;;;;;;;;;28;;;28;56;;
;TAURUS;D4KU-5;8;Barren;3 670;3;INIT;32;;;;51;;77;;;;;;;;;;53;;;;44;;;;;;;;;;;44;;;;;;;;44;;;51;;;;;;;;;32;;;32;51;;
;TAURUS;YRNJ-8;1;Barren;3 750;3;INIT;33;;;;67;;85;;;;;;;;;;62;;;;46;;;;;;;;;;;46;;;;;;;;46;;;62;;;;;;;;;33;;;33;62;;
;TAURUS;YRNJ-8;2;Barren;5 530;3;INIT;36;;;;59;;82;;;;;;;;;;64;;;;40;;;;;;;;;;;40;;;;;;;;40;;;59;;;;;;;;;36;;;36;59;;
;TAURUS;YRNJ-8;3;Temperate;6 690;3;INIT;110;;52;;;;71;;14;;;;;;;;22;;;;;;;;;;;;;;;;;;;;14;;14;;;;;;;52;;;;;;22;;;;52;;
;TAURUS;YRNJ-8;4;Storm;16 440;3;INIT;72;;;;77;;;;;;;;;;42;;;;51;;;;;;;;;;68;;;;;;42;;;;;;;;;;;;42;;68;;42;;;;72;72;;
;TAURUS;YRNJ-8;5;Gas;65 440;3;INIT;52;;;;57;;;;;;;;;;55;;;;65;;;;;;;;30;;;;;;;;52;;;;;;;;;30;;;;;;;55;;;;52;55;;
;TAURUS;YRNJ-8;6;Gas;68 000;3;INIT;49;;;;60;;;;;;;;;;56;;;;66;;;;;;;;18;;;;;;;;49;;;;;;;;;18;;;;;;;56;;;;49;56;;
;TAURUS;YRNJ-8;7;Ice;18 980;3;INIT;101;;;;;;;;;;;;106;;;;38;;37;;;;;;58;;;;;;;;;;;;;;;;;;;;;;;;;37;;38;;38;;38;;
;TAURUS;YRNJ-8;8;Barren;10 880;3;INIT;33;;;;63;;83;;;;;;;;;;63;;;;47;;;;;;;;;;;47;;;;;;;;47;;;63;;;;;;;;;33;;;33;63;;
;TAURUS;3ZTV-V;1;Barren;7 380;3;INIT;33;;;;56;;68;;;;;;;;;;61;;;;36;;;;;;;;;;;36;;;;;;;;36;;;56;;;;;;;;;33;;;33;56;;
;TAURUS;3ZTV-V;2;Gas;20 590;3;INIT;48;;;;57;;;;;;;;;;57;;;;63;;;;;;;;27;;;;;;;;48;;;;;;;;;27;;;;;;;57;;;;48;57;;
;TAURUS;3ZTV-V;3;Gas;109 710;3;INIT;51;;;;58;;;;;;;;;;56;;;;60;;;;;;;;19;;;;;;;;51;;;;;;;;;19;;;;;;;56;;;;51;56;;
;TAURUS;3ZTV-V;4;Gas;120 630;3;INIT;48;;;;57;;;;;;;;;;54;;;;64;;;;;;;;40;;;;;;;;48;;;;;;;;;40;;;;;;;54;;;;48;54;;
;TAURUS;3ZTV-V;5;Ice;14 900;3;INIT;94;;;;;;;;;;;;96;;;;46;;34;;;;;;50;;;;;;;;;;;;;;;;;;;;;;;;;34;;46;;46;;46;;
;TAURUS;9D6O-M;1;Barren;2 890;1;INIT;28;;;;52;;67;;;;;;;;;;58;;;;32;;;;;;;;;;;32;;;;;;;;32;;;52;;;;;;;;;28;;;28;52;;
;TAURUS;9D6O-M;2;Lava;4 470;3;INIT;;;;;31;;;;;;19;;69;;;;;;;;;;59;;;;;;37;;;;31;59;;;;;;;;19;;;;;;;;;;;37;;;59;;
;TAURUS;9D6O-M;3;Temperate;4 660;1;INIT;64;;63;;;;76;;23;;;;;;;;38;;;;;;;;;;;;;;;;;;;;23;;23;;;;;;;63;;;;;;38;;;;63;;
;TAURUS;9D6O-M;4;Temperate;6 430;1;INIT;68;;59;;;;72;;26;;;;;;;;41;;;;;;;;;;;;;;;;;;;;26;;26;;;;;;;59;;;;;;41;;;;59;;
;TAURUS;9D6O-M;5;Gas;26 640;3;INIT;45;;;;52;;;;;;;;;;53;;;;57;;;;;;;;38;;;;;;;;45;;;;;;;;;38;;;;;;;53;;;;45;53;;
;TAURUS;9D6O-M;6;Gas;70 690;3;INIT;45;;;;52;;;;;;;;;;50;;;;62;;;;;;;;31;;;;;;;;45;;;;;;;;;31;;;;;;;50;;;;45;50;;
;TAURUS;9D6O-M;7;Gas;18 840;3;INIT;46;;;;52;;;;;;;;;;52;;;;58;;;;;;;;24;;;;;;;;46;;;;;;;;;24;;;;;;;52;;;;46;52;;
;TAURUS;9D6O-M;8;Gas;27 570;3;INIT;49;;;;54;;;;;;;;;;52;;;;61;;;;;;;;19;;;;;;;;49;;;;;;;;;19;;;;;;;52;;;;49;52;;
;TAURUS;9D6O-M;9;Storm;9 620;3;INIT;53;;;;49;;;;;;;;;;42;;;;57;;;;;;;;;;41;;;;;;42;;;;;;;;;;;;41;;41;;42;;;;49;49;;
;TAURUS;9D6O-M;10;Oceanic;3 110;3;INIT;60;;;;;;77;;16;;;;;;;;97;;;;;;;;59;;;;;;;;;;;;16;16;16;;;;;;;;;;;;;60;;59;;60;;
;TAURUS;9D6O-M;11;Barren;4 690;1;INIT;30;;;;54;;66;;;;;;;;;;58;;;;35;;;;;;;;;;;35;;;;;;;;35;;;54;;;;;;;;;30;;;30;54;;
;#Reference;FormulaOnly;;;#ИМЯ?;3;INIT;#ИМЯ?;;#ИМЯ?;;#ИМЯ?;;#ИМЯ?;;#ИМЯ?;;#ИМЯ?;;#ИМЯ?;;#ИМЯ?;;#ИМЯ?;;#ИМЯ?;;#ИМЯ?;;#ИМЯ?;;#ИМЯ?;;#ИМЯ?;;#ИМЯ?;;;;;;;;;;;;;;;;;;;;;;;;;;;0;;
